t,target_x,target_y,target_theta,pos_x,pos_y,pos_theta,pos_w0,pos_w1,pos_w2,target_vx,target_vy,target_vtheta
0.010000,0.000000,0.000000,0.000000,0.000000,0.000000,0.000000,-0.000000,0.000000,0.000000,0.000000,0.000000,0.000000
0.020000,-0.000204,0.000000,0.000000,0.000000,-0.000002,-0.000016,0.544140,-0.544140,-0.000000,-0.020420,0.000000,0.000000
0.030000,-0.000613,0.000000,0.000000,-0.000009,-0.000004,-0.000090,1.088280,-1.088280,-0.000000,-0.040841,0.000000,0.000000
0.040000,-0.001225,0.000000,0.000000,-0.000040,-0.000010,-0.000157,1.632419,-1.632419,-0.000000,-0.061261,0.000000,0.000000
0.050000,-0.002042,0.000000,0.000000,-0.000104,-0.000020,-0.000274,2.176559,-2.176559,-0.000000,-0.081681,0.000000,0.000000
0.060000,-0.003063,0.000000,0.000000,-0.000217,-0.000033,-0.000453,2.720699,-2.720699,-0.000000,-0.102102,0.000000,0.000000
0.070000,-0.004288,0.000000,0.000000,-0.000390,-0.000053,-0.000707,3.264839,-3.264839,-0.000000,-0.122522,0.000000,0.000000
0.080000,-0.005718,0.000000,0.000000,-0.000650,-0.000050,-0.000758,3.808979,-3.808979,-0.000000,-0.142942,0.000000,0.000000
0.090000,-0.007351,0.000000,0.000000,-0.000986,-0.000059,-0.000897,4.353118,-4.353118,-0.000000,-0.163363,0.000000,0.000000
0.100000,-0.009189,0.000000,0.000000,-0.001368,-0.000085,-0.001570,4.897258,-4.897258,-0.000000,-0.183783,0.000000,0.000000
0.110000,-0.011231,0.000000,0.000000,-0.001800,-0.000099,-0.001725,5.441398,-5.441398,-0.000000,-0.204204,0.000000,0.000000
0.120000,-0.013273,0.000000,0.000000,-0.002322,-0.000106,-0.001888,5.441398,-5.441398,-0.000000,-0.204204,0.000000,0.000000
0.130000,-0.015315,0.000000,0.000000,-0.002950,-0.000112,-0.002028,5.441398,-5.441398,-0.000000,-0.204204,0.000000,0.000000
0.140000,-0.017357,0.000000,0.000000,-0.003714,-0.000157,-0.002988,5.441398,-5.441398,-0.000000,-0.204204,0.000000,0.000000
0.150000,-0.019399,0.000000,0.000000,-0.004567,-0.000146,-0.002511,5.441398,-5.441398,-0.000000,-0.204204,0.000000,0.000000
0.160000,-0.021441,0.000000,0.000000,-0.005415,-0.000140,-0.002594,5.441398,-5.441398,-0.000000,-0.204204,0.000000,0.000000
0.170000,-0.023483,0.000000,0.000000,-0.006328,-0.000137,-0.002692,5.441398,-5.441398,-0.000000,-0.204204,0.000000,0.000000
0.180000,-0.025525,0.000000,0.000000,-0.007306,-0.000137,-0.002812,5.441398,-5.441398,-0.000000,-0.204204,0.000000,0.000000
0.190000,-0.027567,0.000000,0.000000,-0.008360,-0.000277,-0.004329,5.441398,-5.441398,-0.000000,-0.204204,0.000000,0.000000
0.200000,-0.029610,0.000000,0.000000,-0.009440,-0.000333,-0.004903,5.441398,-5.441398,-0.000000,-0.204204,0.000000,0.000000
0.210000,-0.031652,0.000000,0.000000,-0.010581,-0.000404,-0.004971,5.441398,-5.441398,-0.000000,-0.204204,0.000000,0.000000
0.220000,-0.033694,0.000000,0.000000,-0.011731,-0.000408,-0.004999,5.441398,-5.441398,-0.000000,-0.204204,0.000000,0.000000
0.230000,-0.035736,0.000000,0.000000,-0.012959,-0.000429,-0.005934,5.441398,-5.441398,-0.000000,-0.204204,0.000000,0.000000
0.240000,-0.037778,0.000000,0.000000,-0.014147,-0.000426,-0.005867,5.441398,-5.441398,-0.000000,-0.204204,0.000000,0.000000
0.250000,-0.039820,0.000000,0.000000,-0.015348,-0.000409,-0.005737,5.441398,-5.441398,-0.000000,-0.204204,0.000000,0.000000
0.260000,-0.041862,0.000000,0.000000,-0.016538,-0.000401,-0.005535,5.441398,-5.441398,-0.000000,-0.204204,0.000000,0.000000
0.270000,-0.043904,0.000000,0.000000,-0.017760,-0.000365,-0.005452,5.441398,-5.441398,-0.000000,-0.204204,0.000000,0.000000
0.280000,-0.045946,0.000000,0.000000,-0.018990,-0.000346,-0.005180,5.441398,-5.441398,-0.000000,-0.204204,0.000000,0.000000
0.290000,-0.047988,0.000000,0.000000,-0.020232,-0.000333,-0.005045,5.441398,-5.441398,-0.000000,-0.204204,0.000000,0.000000
0.300000,-0.050030,0.000000,0.000000,-0.021525,-0.000311,-0.004976,5.441398,-5.441398,-0.000000,-0.204204,0.000000,0.000000
0.310000,-0.052072,0.000000,0.000000,-0.022871,-0.000297,-0.004885,5.441398,-5.441398,-0.000000,-0.204204,0.000000,0.000000
0.320000,-0.054114,0.000000,0.000000,-0.024221,-0.000283,-0.004747,5.441398,-5.441398,-0.000000,-0.204204,0.000000,0.000000
0.330000,-0.056156,0.000000,0.000000,-0.025586,-0.000272,-0.004574,5.441398,-5.441398,-0.000000,-0.204204,0.000000,0.000000
0.340000,-0.058198,0.000000,0.000000,-0.026950,-0.000262,-0.004404,5.441398,-5.441398,-0.000000,-0.204204,0.000000,0.000000
0.350000,-0.060240,0.000000,0.000000,-0.028331,-0.000250,-0.004258,5.441398,-5.441398,-0.000000,-0.204204,0.000000,0.000000
0.360000,-0.062282,0.000000,0.000000,-0.029708,-0.000233,-0.004246,5.441398,-5.441398,-0.000000,-0.204204,0.000000,0.000000
0.370000,-0.064324,0.000000,0.000000,-0.031146,-0.000224,-0.004214,5.441398,-5.441398,-0.000000,-0.204204,0.000000,0.000000
0.380000,-0.066366,0.000000,0.000000,-0.032591,-0.000216,-0.004195,5.441398,-5.441398,-0.000000,-0.204204,0.000000,0.000000
0.390000,-0.068408,0.000000,0.000000,-0.034035,-0.000208,-0.004182,5.441398,-5.441398,-0.000000,-0.204204,0.000000,0.000000
0.400000,-0.070450,0.000000,0.000000,-0.035486,-0.000197,-0.004096,5.441398,-5.441398,-0.000000,-0.204204,0.000000,0.000000
0.410000,-0.072492,0.000000,0.000000,-0.036928,-0.000183,-0.004007,5.441398,-5.441398,-0.000000,-0.204204,0.000000,0.000000
0.420000,-0.074534,0.000000,0.000000,-0.038348,-0.000165,-0.003966,5.441398,-5.441398,-0.000000,-0.204204,0.000000,0.000000
0.430000,-0.076576,0.000000,0.000000,-0.039804,-0.000149,-0.003914,5.441398,-5.441398,-0.000000,-0.204204,0.000000,0.000000
0.440000,-0.078618,0.000000,0.000000,-0.041290,-0.000146,-0.003913,5.441398,-5.441398,-0.000000,-0.204204,0.000000,0.000000
0.450000,-0.080660,0.000000,0.000000,-0.042777,-0.000143,-0.003960,5.441398,-5.441398,-0.000000,-0.204204,0.000000,0.000000
0.460000,-0.082702,0.000000,0.000000,-0.044273,-0.000137,-0.004061,5.441398,-5.441398,-0.000000,-0.204204,0.000000,0.000000
0.470000,-0.084744,0.000000,0.000000,-0.045738,-0.000122,-0.004110,5.441398,-5.441398,-0.000000,-0.204204,0.000000,0.000000
0.480000,-0.086786,0.000000,0.000000,-0.047187,-0.000128,-0.004251,5.441398,-5.441398,-0.000000,-0.204204,0.000000,0.000000
0.490000,-0.088829,0.000000,0.000000,-0.048673,-0.000121,-0.004291,5.441398,-5.441398,-0.000000,-0.204204,0.000000,0.000000
0.500000,-0.090871,0.000000,0.000000,-0.050179,-0.000119,-0.004346,5.441398,-5.441398,-0.000000,-0.204204,0.000000,0.000000
0.510000,-0.092913,0.000000,0.000000,-0.051665,-0.000105,-0.004289,5.441398,-5.441398,-0.000000,-0.204204,0.000000,0.000000
0.520000,-0.094955,0.000000,0.000000,-0.053169,-0.000101,-0.004332,5.441398,-5.441398,-0.000000,-0.204204,0.000000,0.000000
0.530000,-0.096997,0.000000,0.000000,-0.054627,-0.000101,-0.004393,5.441398,-5.441398,-0.000000,-0.204204,0.000000,0.000000
0.540000,-0.099039,0.000000,0.000000,-0.056086,-0.000105,-0.004521,5.441398,-5.441398,-0.000000,-0.204204,0.000000,0.000000
0.550000,-0.101081,0.000000,0.000000,-0.057610,-0.000107,-0.004571,5.441398,-5.441398,-0.000000,-0.204204,0.000000,0.000000
0.560000,-0.103123,0.000000,0.000000,-0.059130,-0.000107,-0.004645,5.441398,-5.441398,-0.000000,-0.204204,0.000000,0.000000
0.570000,-0.105165,0.000000,0.000000,-0.060623,-0.000096,-0.004602,5.441398,-5.441398,-0.000000,-0.204204,0.000000,0.000000
0.580000,-0.107207,0.000000,0.000000,-0.062132,-0.000093,-0.004538,5.441398,-5.441398,-0.000000,-0.204204,0.000000,0.000000
0.590000,-0.109249,0.000000,0.000000,-0.063592,-0.000094,-0.004483,5.441398,-5.441398,-0.000000,-0.204204,0.000000,0.000000
0.600000,-0.111291,0.000000,0.000000,-0.065059,-0.000089,-0.004551,5.441398,-5.441398,-0.000000,-0.204204,0.000000,0.000000
0.610000,-0.113333,0.000000,0.000000,-0.066567,-0.000086,-0.004606,5.441398,-5.441398,-0.000000,-0.204204,0.000000,0.000000
0.620000,-0.115375,0.000000,0.000000,-0.068064,-0.000084,-0.004671,5.441398,-5.441398,-0.000000,-0.204204,0.000000,0.000000
0.630000,-0.117417,0.000000,0.000000,-0.069554,-0.000079,-0.004681,5.441398,-5.441398,-0.000000,-0.204204,0.000000,0.000000
0.640000,-0.119459,0.000000,0.000000,-0.071038,-0.000074,-0.004688,5.441398,-5.441398,-0.000000,-0.204204,0.000000,0.000000
0.650000,-0.121501,0.000000,0.000000,-0.072492,-0.000058,-0.004629,5.441398,-5.441398,-0.000000,-0.204204,0.000000,0.000000
0.660000,-0.123543,0.000000,0.000000,-0.073960,-0.000048,-0.004588,5.441398,-5.441398,-0.000000,-0.204204,0.000000,0.000000
0.670000,-0.125585,0.000000,0.000000,-0.075462,-0.000044,-0.004540,5.441398,-5.441398,-0.000000,-0.204204,0.000000,0.000000
0.680000,-0.127627,0.000000,0.000000,-0.076941,-0.000044,-0.004413,5.441398,-5.441398,-0.000000,-0.204204,0.000000,0.000000
0.690000,-0.129669,0.000000,0.000000,-0.078416,-0.000043,-0.004397,5.441398,-5.441398,-0.000000,-0.204204,0.000000,0.000000
0.700000,-0.131711,0.000000,0.000000,-0.079881,-0.000043,-0.004385,5.441398,-5.441398,-0.000000,-0.204204,0.000000,0.000000
0.710000,-0.133753,0.000000,0.000000,-0.081348,-0.000043,-0.004382,5.441398,-5.441398,-0.000000,-0.204204,0.000000,0.000000
0.720000,-0.135795,0.000000,0.000000,-0.082821,-0.000040,-0.004439,5.441398,-5.441398,-0.000000,-0.204204,0.000000,0.000000
0.730000,-0.137837,0.000000,0.000000,-0.084265,-0.000046,-0.004561,5.441398,-5.441398,-0.000000,-0.204204,0.000000,0.000000
0.740000,-0.139879,0.000000,0.000000,-0.085692,-0.000045,-0.004637,5.441398,-5.441398,-0.000000,-0.204204,0.000000,0.000000
0.750000,-0.141921,0.000000,0.000000,-0.087141,-0.000044,-0.004707,5.441398,-5.441398,-0.000000,-0.204204,0.000000,0.000000
0.760000,-0.143963,0.000000,0.000000,-0.088556,-0.000044,-0.004741,5.441398,-5.441398,-0.000000,-0.204204,0.000000,0.000000
0.770000,-0.146006,0.000000,0.000000,-0.089969,-0.000048,-0.004816,5.441398,-5.441398,-0.000000,-0.204204,0.000000,0.000000
0.780000,-0.148048,0.000000,0.000000,-0.091448,-0.000051,-0.004850,5.441398,-5.441398,-0.000000,-0.204204,0.000000,0.000000
0.790000,-0.150090,0.000000,0.000000,-0.092915,-0.000050,-0.004943,5.441398,-5.441398,-0.000000,-0.204204,0.000000,0.000000
0.800000,-0.152132,0.000000,0.000000,-0.094385,-0.000046,-0.004975,5.441398,-5.441398,-0.000000,-0.204204,0.000000,0.000000
0.810000,-0.154174,0.000000,0.000000,-0.095844,-0.000046,-0.004960,5.441398,-5.441398,-0.000000,-0.204204,0.000000,0.000000
0.820000,-0.156216,0.000000,0.000000,-0.097301,-0.000044,-0.004953,5.441398,-5.441398,-0.000000,-0.204204,0.000000,0.000000
0.830000,-0.158258,0.000000,0.000000,-0.098755,-0.000041,-0.005022,5.441398,-5.441398,-0.000000,-0.204204,0.000000,0.000000
0.840000,-0.160300,0.000000,0.000000,-0.100252,-0.000037,-0.005091,5.441398,-5.441398,-0.000000,-0.204204,0.000000,0.000000
0.850000,-0.162342,0.000000,0.000000,-0.101737,-0.000032,-0.005107,5.441398,-5.441398,-0.000000,-0.204204,0.000000,0.000000
0.860000,-0.164384,0.000000,0.000000,-0.103226,-0.000030,-0.005130,5.441398,-5.441398,-0.000000,-0.204204,0.000000,0.000000
0.870000,-0.166426,0.000000,0.000000,-0.104708,-0.000031,-0.005166,5.441398,-5.441398,-0.000000,-0.204204,0.000000,0.000000
0.880000,-0.168468,0.000000,0.000000,-0.106159,-0.000022,-0.005135,5.441398,-5.441398,-0.000000,-0.204204,0.000000,0.000000
0.890000,-0.170510,0.000000,0.000000,-0.107643,-0.000024,-0.005107,5.441398,-5.441398,-0.000000,-0.204204,0.000000,0.000000
0.900000,-0.172552,0.000000,0.000000,-0.109156,-0.000022,-0.005194,5.441398,-5.441398,-0.000000,-0.204204,0.000000,0.000000
0.910000,-0.174594,0.000000,0.000000,-0.110661,-0.000020,-0.005275,5.441398,-5.441398,-0.000000,-0.204204,0.000000,0.000000
0.920000,-0.176636,0.000000,0.000000,-0.112141,-0.000007,-0.005360,5.441398,-5.441398,-0.000000,-0.204204,0.000000,0.000000
0.930000,-0.178678,0.000000,0.000000,-0.113634,0.000002,-0.005469,5.441398,-5.441398,-0.000000,-0.204204,0.000000,0.000000
0.940000,-0.180720,0.000000,0.000000,-0.115106,0.000019,-0.005527,5.441398,-5.441398,-0.000000,-0.204204,0.000000,0.000000
0.950000,-0.182762,0.000000,0.000000,-0.116627,0.000025,-0.005599,5.441398,-5.441398,-0.000000,-0.204204,0.000000,0.000000
0.960000,-0.184804,0.000000,0.000000,-0.118141,0.000033,-0.005649,5.441398,-5.441398,-0.000000,-0.204204,0.000000,0.000000
0.970000,-0.186846,0.000000,0.000000,-0.119659,0.000036,-0.005720,5.441398,-5.441398,-0.000000,-0.204204,0.000000,0.000000
0.980000,-0.188888,0.000000,0.000000,-0.121153,0.000038,-0.005674,5.441398,-5.441398,-0.000000,-0.204204,0.000000,0.000000
0.990000,-0.190930,0.000000,0.000000,-0.122657,0.000042,-0.005630,5.441398,-5.441398,-0.000000,-0.204204,0.000000,0.000000
1.000000,-0.192972,0.000000,0.000000,-0.124111,0.000042,-0.005569,5.441398,-5.441398,-0.000000,-0.204204,0.000000,0.000000
1.010000,-0.195014,0.000000,0.000000,-0.125641,0.000042,-0.005417,5.441398,-5.441398,-0.000000,-0.204204,0.000000,0.000000
1.020000,-0.197056,0.000000,0.000000,-0.127181,0.000052,-0.005422,5.441398,-5.441398,-0.000000,-0.204204,0.000000,0.000000
1.030000,-0.199098,0.000000,0.000000,-0.128709,0.000060,-0.005412,5.441398,-5.441398,-0.000000,-0.204204,0.000000,0.000000
1.040000,-0.201140,0.000000,0.000000,-0.130208,0.000062,-0.005356,5.441398,-5.441398,-0.000000,-0.204204,0.000000,0.000000
1.050000,-0.203183,0.000000,0.000000,-0.131713,0.000066,-0.005316,5.441398,-5.441398,-0.000000,-0.204204,0.000000,0.000000
1.060000,-0.205225,0.000000,0.000000,-0.133197,0.000070,-0.005387,5.441398,-5.441398,-0.000000,-0.204204,0.000000,0.000000
1.070000,-0.207267,0.000000,0.000000,-0.134694,0.000073,-0.005479,5.441398,-5.441398,-0.000000,-0.204204,0.000000,0.000000
1.080000,-0.209309,0.000000,0.000000,-0.136222,0.000076,-0.005566,5.441398,-5.441398,-0.000000,-0.204204,0.000000,0.000000
1.090000,-0.211351,0.000000,0.000000,-0.137731,0.000090,-0.005529,5.441398,-5.441398,-0.000000,-0.204204,0.000000,0.000000
1.100000,-0.213393,0.000000,0.000000,-0.139258,0.000096,-0.005590,5.441398,-5.441398,-0.000000,-0.204204,0.000000,0.000000
1.110000,-0.215435,0.000000,0.000000,-0.140737,0.000097,-0.005667,5.441398,-5.441398,-0.000000,-0.204204,0.000000,0.000000
1.120000,-0.217477,0.000000,0.000000,-0.142233,0.000095,-0.005740,5.441398,-5.441398,-0.000000,-0.204204,0.000000,0.000000
1.130000,-0.219519,0.000000,0.000000,-0.143748,0.000100,-0.005736,5.441398,-5.441398,-0.000000,-0.204204,0.000000,0.000000
1.140000,-0.221561,0.000000,0.000000,-0.145271,0.000098,-0.005703,5.441398,-5.441398,-0.000000,-0.204204,0.000000,0.000000
1.150000,-0.223603,0.000000,0.000000,-0.146766,0.000107,-0.005748,5.441398,-5.441398,-0.000000,-0.204204,0.000000,0.000000
1.160000,-0.225645,0.000000,0.000000,-0.148276,0.000111,-0.005819,5.441398,-5.441398,-0.000000,-0.204204,0.000000,0.000000
1.170000,-0.227687,0.000000,0.000000,-0.149763,0.000122,-0.005842,5.441398,-5.441398,-0.000000,-0.204204,0.000000,0.000000
1.180000,-0.229729,0.000000,0.000000,-0.151263,0.000125,-0.005812,5.441398,-5.441398,-0.000000,-0.204204,0.000000,0.000000
1.190000,-0.231771,0.000000,0.000000,-0.152788,0.000128,-0.005789,5.441398,-5.441398,-0.000000,-0.204204,0.000000,0.000000
1.200000,-0.233813,0.000000,0.000000,-0.154297,0.000129,-0.005764,5.441398,-5.441398,-0.000000,-0.204204,0.000000,0.000000
1.210000,-0.235855,0.000000,0.000000,-0.155773,0.000139,-0.005691,5.441398,-5.441398,-0.000000,-0.204204,0.000000,0.000000
1.220000,-0.237897,0.000000,0.000000,-0.157257,0.000141,-0.005650,5.441398,-5.441398,-0.000000,-0.204204,0.000000,0.000000
1.230000,-0.239939,0.000000,0.000000,-0.158720,0.000154,-0.005562,5.441398,-5.441398,-0.000000,-0.204204,0.000000,0.000000
1.240000,-0.241981,0.000000,0.000000,-0.160212,0.000156,-0.005514,5.441398,-5.441398,-0.000000,-0.204204,0.000000,0.000000
1.250000,-0.244023,0.000000,0.000000,-0.161722,0.000156,-0.005453,5.441398,-5.441398,-0.000000,-0.204204,0.000000,0.000000
1.260000,-0.246065,0.000000,0.000000,-0.163204,0.000153,-0.005474,5.441398,-5.441398,-0.000000,-0.204204,0.000000,0.000000
1.270000,-0.248107,0.000000,0.000000,-0.164696,0.000150,-0.005319,5.441398,-5.441398,-0.000000,-0.204204,0.000000,0.000000
1.280000,-0.250149,0.000000,0.000000,-0.166151,0.000151,-0.005362,5.441398,-5.441398,-0.000000,-0.204204,0.000000,0.000000
1.290000,-0.252191,0.000000,0.000000,-0.167600,0.000154,-0.005382,5.441398,-5.441398,-0.000000,-0.204204,0.000000,0.000000
1.300000,-0.254233,0.000000,0.000000,-0.169085,0.000156,-0.005480,5.441398,-5.441398,-0.000000,-0.204204,0.000000,0.000000
1.310000,-0.256275,0.000000,0.000000,-0.170563,0.000159,-0.005535,5.441398,-5.441398,-0.000000,-0.204204,0.000000,0.000000
1.320000,-0.258317,0.000000,0.000000,-0.172015,0.000162,-0.005607,5.441398,-5.441398,-0.000000,-0.204204,0.000000,0.000000
1.330000,-0.260359,0.000000,0.000000,-0.173460,0.000166,-0.005603,5.441398,-5.441398,-0.000000,-0.204204,0.000000,0.000000
1.340000,-0.262402,0.000000,0.000000,-0.174876,0.000168,-0.005715,5.441398,-5.441398,-0.000000,-0.204204,0.000000,0.000000
1.350000,-0.264444,0.000000,0.000000,-0.176290,0.000176,-0.005791,5.441398,-5.441398,-0.000000,-0.204204,0.000000,0.000000
1.360000,-0.266486,0.000000,0.000000,-0.177754,0.000179,-0.005841,5.441398,-5.441398,-0.000000,-0.204204,0.000000,0.000000
1.370000,-0.268528,0.000000,0.000000,-0.179210,0.000175,-0.005825,5.441398,-5.441398,-0.000000,-0.204204,0.000000,0.000000
1.380000,-0.270570,0.000000,0.000000,-0.180663,0.000181,-0.005962,5.441398,-5.441398,-0.000000,-0.204204,0.000000,0.000000
1.390000,-0.272612,0.000000,0.000000,-0.182112,0.000179,-0.006114,5.441398,-5.441398,-0.000000,-0.204204,0.000000,0.000000
1.400000,-0.274654,0.000000,0.000000,-0.183544,0.000187,-0.006261,5.441398,-5.441398,-0.000000,-0.204204,0.000000,0.000000
1.410000,-0.276696,0.000000,0.000000,-0.185022,0.000194,-0.006232,5.441398,-5.441398,-0.000000,-0.204204,0.000000,0.000000
1.420000,-0.278738,0.000000,0.000000,-0.186493,0.000190,-0.006174,5.441398,-5.441398,-0.000000,-0.204204,0.000000,0.000000
1.430000,-0.280780,0.000000,0.000000,-0.187973,0.000201,-0.006247,5.441398,-5.441398,-0.000000,-0.204204,0.000000,0.000000
1.440000,-0.282822,0.000000,0.000000,-0.189420,0.000197,-0.006174,5.441398,-5.441398,-0.000000,-0.204204,0.000000,0.000000
1.450000,-0.284864,0.000000,0.000000,-0.190899,0.000195,-0.006106,5.441398,-5.441398,-0.000000,-0.204204,0.000000,0.000000
1.460000,-0.286906,0.000000,0.000000,-0.192362,0.000202,-0.005974,5.441398,-5.441398,-0.000000,-0.204204,0.000000,0.000000
1.470000,-0.288948,0.000000,0.000000,-0.193842,0.000208,-0.005770,5.441398,-5.441398,-0.000000,-0.204204,0.000000,0.000000
1.480000,-0.290990,0.000000,0.000000,-0.195346,0.000219,-0.005736,5.441398,-5.441398,-0.000000,-0.204204,0.000000,0.000000
1.490000,-0.293032,0.000000,0.000000,-0.196819,0.000220,-0.005726,5.441398,-5.441398,-0.000000,-0.204204,0.000000,0.000000
1.500000,-0.295074,0.000000,0.000000,-0.198317,0.000226,-0.005832,5.441398,-5.441398,-0.000000,-0.204204,0.000000,0.000000
1.510000,-0.297116,0.000000,0.000000,-0.199797,0.000233,-0.005786,5.441398,-5.441398,-0.000000,-0.204204,0.000000,0.000000
1.520000,-0.299158,0.000000,0.000000,-0.201255,0.000236,-0.005990,5.441398,-5.441398,-0.000000,-0.204204,0.000000,0.000000
1.530000,-0.301200,0.000000,0.000000,-0.202785,0.000247,-0.006127,5.441398,-5.441398,-0.000000,-0.204204,0.000000,0.000000
1.540000,-0.303242,0.000000,0.000000,-0.204315,0.000252,-0.006248,5.441398,-5.441398,-0.000000,-0.204204,0.000000,0.000000
1.550000,-0.305284,0.000000,0.000000,-0.205830,0.000265,-0.006300,5.441398,-5.441398,-0.000000,-0.204204,0.000000,0.000000
1.560000,-0.307326,0.000000,0.000000,-0.207358,0.000268,-0.006371,5.441398,-5.441398,-0.000000,-0.204204,0.000000,0.000000
1.570000,-0.309368,0.000000,0.000000,-0.208855,0.000279,-0.006409,5.441398,-5.441398,-0.000000,-0.204204,0.000000,0.000000
1.580000,-0.311410,0.000000,0.000000,-0.210347,0.000278,-0.006299,5.441398,-5.441398,-0.000000,-0.204204,0.000000,0.000000
1.590000,-0.313452,0.000000,0.000000,-0.211846,0.000274,-0.006144,5.441398,-5.441398,-0.000000,-0.204204,0.000000,0.000000
1.600000,-0.315494,0.000000,0.000000,-0.213374,0.000275,-0.006089,5.441398,-5.441398,-0.000000,-0.204204,0.000000,0.000000
1.610000,-0.317536,0.000000,0.000000,-0.214882,0.000285,-0.006037,5.441398,-5.441398,-0.000000,-0.204204,0.000000,0.000000
1.620000,-0.319579,0.000000,0.000000,-0.216406,0.000292,-0.006012,5.441398,-5.441398,-0.000000,-0.204204,0.000000,0.000000
1.630000,-0.321621,0.000000,0.000000,-0.217886,0.000290,-0.005944,5.441398,-5.441398,-0.000000,-0.204204,0.000000,0.000000
1.640000,-0.323663,0.000000,0.000000,-0.219390,0.000298,-0.005950,5.441398,-5.441398,-0.000000,-0.204204,0.000000,0.000000
1.650000,-0.325705,0.000000,0.000000,-0.220915,0.000310,-0.005894,5.441398,-5.441398,-0.000000,-0.204204,0.000000,0.000000
1.660000,-0.327747,0.000000,0.000000,-0.222448,0.000316,-0.005953,5.441398,-5.441398,-0.000000,-0.204204,0.000000,0.000000
1.670000,-0.329789,0.000000,0.000000,-0.223940,0.000315,-0.006025,5.441398,-5.441398,-0.000000,-0.204204,0.000000,0.000000
1.680000,-0.331831,0.000000,0.000000,-0.225462,0.000315,-0.006113,5.441398,-5.441398,-0.000000,-0.204204,0.000000,0.000000
1.690000,-0.333873,0.000000,0.000000,-0.226948,0.000315,-0.006070,5.441398,-5.441398,-0.000000,-0.204204,0.000000,0.000000
1.700000,-0.335915,0.000000,0.000000,-0.228473,0.000319,-0.006175,5.441398,-5.441398,-0.000000,-0.204204,0.000000,0.000000
1.710000,-0.337957,0.000000,0.000000,-0.230004,0.000325,-0.006206,5.441398,-5.441398,-0.000000,-0.204204,0.000000,0.000000
1.720000,-0.339999,0.000000,0.000000,-0.231533,0.000328,-0.006185,5.441398,-5.441398,-0.000000,-0.204204,0.000000,0.000000
1.730000,-0.342041,0.000000,0.000000,-0.233035,0.000337,-0.006268,5.441398,-5.441398,-0.000000,-0.204204,0.000000,0.000000
1.740000,-0.344083,0.000000,0.000000,-0.234552,0.000345,-0.006392,5.441398,-5.441398,-0.000000,-0.204204,0.000000,0.000000
1.750000,-0.346125,0.000000,0.000000,-0.236025,0.000348,-0.006530,5.441398,-5.441398,-0.000000,-0.204204,0.000000,0.000000
1.760000,-0.348167,0.000000,0.000000,-0.237543,0.000352,-0.006529,5.441398,-5.441398,-0.000000,-0.204204,0.000000,0.000000
1.770000,-0.350209,0.000000,0.000000,-0.239048,0.000350,-0.006548,5.441398,-5.441398,-0.000000,-0.204204,0.000000,0.000000
1.780000,-0.352251,0.000000,0.000000,-0.240546,0.000354,-0.006587,5.441398,-5.441398,-0.000000,-0.204204,0.000000,0.000000
1.790000,-0.354293,0.000000,0.000000,-0.242032,0.000370,-0.006551,5.441398,-5.441398,-0.000000,-0.204204,0.000000,0.000000
1.800000,-0.356335,0.000000,0.000000,-0.243507,0.000380,-0.006545,5.441398,-5.441398,-0.000000,-0.204204,0.000000,0.000000
1.810000,-0.358377,0.000000,0.000000,-0.244946,0.000387,-0.006565,5.441398,-5.441398,-0.000000,-0.204204,0.000000,0.000000
1.820000,-0.360419,0.000000,0.000000,-0.246452,0.000390,-0.006539,5.441398,-5.441398,-0.000000,-0.204204,0.000000,0.000000
1.830000,-0.362461,0.000000,0.000000,-0.247945,0.000392,-0.006517,5.441398,-5.441398,-0.000000,-0.204204,0.000000,0.000000
1.840000,-0.364503,0.000000,0.000000,-0.249432,0.000393,-0.006529,5.441398,-5.441398,-0.000000,-0.204204,0.000000,0.000000
1.850000,-0.366545,0.000000,0.000000,-0.250901,0.000390,-0.006478,5.441398,-5.441398,-0.000000,-0.204204,0.000000,0.000000
1.860000,-0.368587,0.000000,0.000000,-0.252364,0.000394,-0.006509,5.441398,-5.441398,-0.000000,-0.204204,0.000000,0.000000
1.870000,-0.370629,0.000000,0.000000,-0.253831,0.000394,-0.006445,5.441398,-5.441398,-0.000000,-0.204204,0.000000,0.000000
1.880000,-0.372671,0.000000,0.000000,-0.255277,0.000398,-0.006441,5.441398,-5.441398,-0.000000,-0.204204,0.000000,0.000000
1.890000,-0.374713,0.000000,0.000000,-0.256732,0.000397,-0.006415,5.441398,-5.441398,-0.000000,-0.204204,0.000000,0.000000
1.900000,-0.376755,0.000000,0.000000,-0.258139,0.000399,-0.006415,5.441398,-5.441398,-0.000000,-0.204204,0.000000,0.000000
1.910000,-0.378798,0.000000,0.000000,-0.259569,0.000399,-0.006409,5.441398,-5.441398,-0.000000,-0.204204,0.000000,0.000000
1.920000,-0.380840,0.000000,0.000000,-0.260950,0.000396,-0.006344,5.441398,-5.441398,-0.000000,-0.204204,0.000000,0.000000
1.930000,-0.382882,0.000000,0.000000,-0.262390,0.000391,-0.006291,5.441398,-5.441398,-0.000000,-0.204204,0.000000,0.000000
1.940000,-0.384924,0.000000,0.000000,-0.263867,0.000386,-0.006197,5.441398,-5.441398,-0.000000,-0.204204,0.000000,0.000000
1.950000,-0.386966,0.000000,0.000000,-0.265317,0.000386,-0.006245,5.441398,-5.441398,-0.000000,-0.204204,0.000000,0.000000
1.960000,-0.389008,0.000000,0.000000,-0.266771,0.000392,-0.006289,5.441398,-5.441398,-0.000000,-0.204204,0.000000,0.000000
1.970000,-0.391050,0.000000,0.000000,-0.268207,0.000392,-0.006281,5.441398,-5.441398,-0.000000,-0.204204,0.000000,0.000000
1.980000,-0.393092,0.000000,0.000000,-0.269648,0.000392,-0.006284,5.441398,-5.441398,-0.000000,-0.204204,0.000000,0.000000
1.990000,-0.395134,0.000000,0.000000,-0.271132,0.000395,-0.006325,5.441398,-5.441398,-0.000000,-0.204204,0.000000,0.000000
2.000000,-0.397176,0.000000,0.000000,-0.272629,0.000404,-0.006351,5.441398,-5.441398,-0.000000,-0.204204,0.000000,0.000000
2.010000,-0.399218,0.000000,0.000000,-0.274114,0.000403,-0.006362,5.441398,-5.441398,-0.000000,-0.204204,0.000000,0.000000
2.020000,-0.401260,0.000000,0.000000,-0.275585,0.000415,-0.006349,5.441398,-5.441398,-0.000000,-0.204204,0.000000,0.000000
2.030000,-0.403302,0.000000,0.000000,-0.277040,0.000414,-0.006287,5.441398,-5.441398,-0.000000,-0.204204,0.000000,0.000000
2.040000,-0.405344,0.000000,0.000000,-0.278490,0.000411,-0.006322,5.441398,-5.441398,-0.000000,-0.204204,0.000000,0.000000
2.050000,-0.407386,0.000000,0.000000,-0.279983,0.000423,-0.006427,5.441398,-5.441398,-0.000000,-0.204204,0.000000,0.000000
2.060000,-0.409428,0.000000,0.000000,-0.281492,0.000434,-0.006557,5.441398,-5.441398,-0.000000,-0.204204,0.000000,0.000000
2.070000,-0.411470,0.000000,0.000000,-0.282981,0.000450,-0.006638,5.441398,-5.441398,-0.000000,-0.204204,0.000000,0.000000
2.080000,-0.413512,0.000000,0.000000,-0.284484,0.000460,-0.006756,5.441398,-5.441398,-0.000000,-0.204204,0.000000,0.000000
2.090000,-0.415554,0.000000,0.000000,-0.285960,0.000477,-0.006828,5.441398,-5.441398,-0.000000,-0.204204,0.000000,0.000000
2.100000,-0.417596,0.000000,0.000000,-0.287449,0.000484,-0.006780,5.441398,-5.441398,-0.000000,-0.204204,0.000000,0.000000
2.110000,-0.419638,0.000000,0.000000,-0.288947,0.000483,-0.006732,5.441398,-5.441398,-0.000000,-0.204204,0.000000,0.000000
2.120000,-0.421680,0.000000,0.000000,-0.290479,0.000486,-0.006657,5.441398,-5.441398,-0.000000,-0.204204,0.000000,0.000000
2.130000,-0.423722,0.000000,0.000000,-0.291989,0.000491,-0.006570,5.441398,-5.441398,-0.000000,-0.204204,0.000000,0.000000
2.140000,-0.425764,0.000000,0.000000,-0.293512,0.000494,-0.006521,5.441398,-5.441398,-0.000000,-0.204204,0.000000,0.000000
2.150000,-0.427806,0.000000,0.000000,-0.294991,0.000488,-0.006409,5.441398,-5.441398,-0.000000,-0.204204,0.000000,0.000000
2.160000,-0.429848,0.000000,0.000000,-0.296460,0.000491,-0.006422,5.441398,-5.441398,-0.000000,-0.204204,0.000000,0.000000
2.170000,-0.431890,0.000000,0.000000,-0.297985,0.000496,-0.006501,5.441398,-5.441398,-0.000000,-0.204204,0.000000,0.000000
2.180000,-0.433932,0.000000,0.000000,-0.299503,0.000505,-0.006454,5.441398,-5.441398,-0.000000,-0.204204,0.000000,0.000000
2.190000,-0.435975,0.000000,0.000000,-0.301017,0.000514,-0.006435,5.441398,-5.441398,-0.000000,-0.204204,0.000000,0.000000
2.200000,-0.438017,0.000000,0.000000,-0.302536,0.000527,-0.006365,5.441398,-5.441398,-0.000000,-0.204204,0.000000,0.000000
2.210000,-0.440059,0.000000,0.000000,-0.304035,0.000534,-0.006427,5.441398,-5.441398,-0.000000,-0.204204,0.000000,0.000000
2.220000,-0.442101,0.000000,0.000000,-0.305567,0.000537,-0.006357,5.441398,-5.441398,-0.000000,-0.204204,0.000000,0.000000
2.230000,-0.444143,0.000000,0.000000,-0.307085,0.000536,-0.006297,5.441398,-5.441398,-0.000000,-0.204204,0.000000,0.000000
2.240000,-0.446185,0.000000,0.000000,-0.308618,0.000540,-0.006251,5.441398,-5.441398,-0.000000,-0.204204,0.000000,0.000000
2.250000,-0.448227,0.000000,0.000000,-0.310110,0.000538,-0.006189,5.441398,-5.441398,-0.000000,-0.204204,0.000000,0.000000
2.260000,-0.450269,0.000000,0.000000,-0.311639,0.000535,-0.006103,5.441398,-5.441398,-0.000000,-0.204204,0.000000,0.000000
2.270000,-0.452311,0.000000,0.000000,-0.313135,0.000602,-0.005496,5.441398,-5.441398,-0.000000,-0.204204,0.000000,0.000000
2.280000,-0.454353,0.000000,0.000000,-0.314658,0.000605,-0.005441,5.441398,-5.441398,-0.000000,-0.204204,0.000000,0.000000
2.290000,-0.456395,0.000000,0.000000,-0.316180,0.000620,-0.005474,5.441398,-5.441398,-0.000000,-0.204204,0.000000,0.000000
2.300000,-0.458437,0.000000,0.000000,-0.317700,0.000616,-0.005493,5.441398,-5.441398,-0.000000,-0.204204,0.000000,0.000000
2.310000,-0.460479,0.000000,0.000000,-0.319209,0.000630,-0.005575,5.441398,-5.441398,-0.000000,-0.204204,0.000000,0.000000
2.320000,-0.462521,0.000000,0.000000,-0.320695,0.000622,-0.005696,5.441398,-5.441398,-0.000000,-0.204204,0.000000,0.000000
2.330000,-0.464563,0.000000,0.000000,-0.322155,0.000625,-0.005810,5.441398,-5.441398,-0.000000,-0.204204,0.000000,0.000000
2.340000,-0.466605,0.000000,0.000000,-0.323642,0.000637,-0.005833,5.441398,-5.441398,-0.000000,-0.204204,0.000000,0.000000
2.350000,-0.468647,0.000000,0.000000,-0.325137,0.000638,-0.005893,5.441398,-5.441398,-0.000000,-0.204204,0.000000,0.000000
2.360000,-0.470689,0.000000,0.000000,-0.326612,0.000654,-0.005873,5.441398,-5.441398,-0.000000,-0.204204,0.000000,0.000000
2.370000,-0.472731,0.000000,0.000000,-0.328094,0.000660,-0.005871,5.441398,-5.441398,-0.000000,-0.204204,0.000000,0.000000
2.380000,-0.474773,0.000000,0.000000,-0.329576,0.000666,-0.005884,5.441398,-5.441398,-0.000000,-0.204204,0.000000,0.000000
2.390000,-0.476815,0.000000,0.000000,-0.331046,0.000661,-0.005796,5.441398,-5.441398,-0.000000,-0.204204,0.000000,0.000000
2.400000,-0.478857,0.000000,0.000000,-0.332522,0.000669,-0.005694,5.441398,-5.441398,-0.000000,-0.204204,0.000000,0.000000
2.410000,-0.480899,0.000000,0.000000,-0.333992,0.000660,-0.005551,5.441398,-5.441398,-0.000000,-0.204204,0.000000,0.000000
2.420000,-0.482941,0.000000,0.000000,-0.335466,0.000662,-0.005589,5.441398,-5.441398,-0.000000,-0.204204,0.000000,0.000000
2.430000,-0.484983,0.000000,0.000000,-0.336924,0.000658,-0.005606,5.441398,-5.441398,-0.000000,-0.204204,0.000000,0.000000
2.440000,-0.487025,0.000000,0.000000,-0.338382,0.000655,-0.005627,5.441398,-5.441398,-0.000000,-0.204204,0.000000,0.000000
2.450000,-0.489067,0.000000,0.000000,-0.339828,0.000662,-0.005708,5.441398,-5.441398,-0.000000,-0.204204,0.000000,0.000000
2.460000,-0.491109,0.000000,0.000000,-0.341262,0.000656,-0.005861,5.441398,-5.441398,-0.000000,-0.204204,0.000000,0.000000
2.470000,-0.493152,0.000000,0.000000,-0.342676,0.000666,-0.005981,5.441398,-5.441398,-0.000000,-0.204204,0.000000,0.000000
2.480000,-0.495194,0.000000,0.000000,-0.344107,0.000665,-0.005948,5.441398,-5.441398,-0.000000,-0.204204,0.000000,0.000000
2.490000,-0.497236,0.000000,0.000000,-0.345506,0.000669,-0.005946,5.441398,-5.441398,-0.000000,-0.204204,0.000000,0.000000
2.500000,-0.499278,0.000000,0.000000,-0.346910,0.000675,-0.005968,5.441398,-5.441398,-0.000000,-0.204204,0.000000,0.000000
2.510000,-0.501320,0.000000,0.000000,-0.348393,0.000682,-0.006009,5.441398,-5.441398,-0.000000,-0.204204,0.000000,0.000000
2.520000,-0.503362,0.000000,0.000000,-0.349859,0.000685,-0.006034,5.441398,-5.441398,-0.000000,-0.204204,0.000000,0.000000
2.530000,-0.505404,0.000000,0.000000,-0.351328,0.000691,-0.006116,5.441398,-5.441398,-0.000000,-0.204204,0.000000,0.000000
2.540000,-0.507446,0.000000,0.000000,-0.352774,0.000690,-0.006195,5.441398,-5.441398,-0.000000,-0.204204,0.000000,0.000000
2.550000,-0.509488,0.000000,0.000000,-0.354220,0.000696,-0.006255,5.441398,-5.441398,-0.000000,-0.204204,0.000000,0.000000
2.560000,-0.511530,0.000000,0.000000,-0.355659,0.000693,-0.006468,5.441398,-5.441398,-0.000000,-0.204204,0.000000,0.000000
2.570000,-0.513572,0.000000,0.000000,-0.357151,0.000696,-0.006536,5.441398,-5.441398,-0.000000,-0.204204,0.000000,0.000000
2.580000,-0.515614,0.000000,0.000000,-0.358641,0.000697,-0.006649,5.441398,-5.441398,-0.000000,-0.204204,0.000000,0.000000
2.590000,-0.517656,0.000000,0.000000,-0.360120,0.000702,-0.006699,5.441398,-5.441398,-0.000000,-0.204204,0.000000,0.000000
2.600000,-0.519698,0.000000,0.000000,-0.361598,0.000699,-0.006734,5.441398,-5.441398,-0.000000,-0.204204,0.000000,0.000000
2.610000,-0.521740,0.000000,0.000000,-0.363054,0.000707,-0.006862,5.441398,-5.441398,-0.000000,-0.204204,0.000000,0.000000
2.620000,-0.523782,0.000000,0.000000,-0.364521,0.000708,-0.006862,5.441398,-5.441398,-0.000000,-0.204204,0.000000,0.000000
2.630000,-0.525824,0.000000,0.000000,-0.366021,0.000715,-0.006816,5.441398,-5.441398,-0.000000,-0.204204,0.000000,0.000000
2.640000,-0.527866,0.000000,0.000000,-0.367516,0.000720,-0.006848,5.441398,-5.441398,-0.000000,-0.204204,0.000000,0.000000
2.650000,-0.529908,0.000000,0.000000,-0.368998,0.000733,-0.006845,5.441398,-5.441398,-0.000000,-0.204204,0.000000,0.000000
2.660000,-0.531950,0.000000,0.000000,-0.370487,0.000738,-0.006879,5.441398,-5.441398,-0.000000,-0.204204,0.000000,0.000000
2.670000,-0.533992,0.000000,0.000000,-0.371958,0.000746,-0.006826,5.441398,-5.441398,-0.000000,-0.204204,0.000000,0.000000
2.680000,-0.536034,0.000000,0.000000,-0.373460,0.000747,-0.006800,5.441398,-5.441398,-0.000000,-0.204204,0.000000,0.000000
2.690000,-0.538076,0.000000,0.000000,-0.374980,0.000760,-0.006745,5.441398,-5.441398,-0.000000,-0.204204,0.000000,0.000000
2.700000,-0.540118,0.000000,0.000000,-0.376494,0.000760,-0.006692,5.441398,-5.441398,-0.000000,-0.204204,0.000000,0.000000
2.710000,-0.542160,0.000000,0.000000,-0.377989,0.000766,-0.006635,5.441398,-5.441398,-0.000000,-0.204204,0.000000,0.000000
2.720000,-0.544202,0.000000,0.000000,-0.379491,0.000765,-0.006758,5.441398,-5.441398,-0.000000,-0.204204,0.000000,0.000000
2.730000,-0.546244,0.000000,0.000000,-0.380976,0.000772,-0.006833,5.441398,-5.441398,-0.000000,-0.204204,0.000000,0.000000
2.740000,-0.548286,0.000000,0.000000,-0.382508,0.000783,-0.006976,5.441398,-5.441398,-0.000000,-0.204204,0.000000,0.000000
2.750000,-0.550328,0.000000,0.000000,-0.384024,0.000786,-0.007124,5.441398,-5.441398,-0.000000,-0.204204,0.000000,0.000000
2.760000,-0.552371,0.000000,0.000000,-0.385551,0.000799,-0.007287,5.441398,-5.441398,-0.000000,-0.204204,0.000000,0.000000
2.770000,-0.554413,0.000000,0.000000,-0.387054,0.000802,-0.007430,5.441398,-5.441398,-0.000000,-0.204204,0.000000,0.000000
2.780000,-0.556455,0.000000,0.000000,-0.388565,0.000815,-0.007596,5.441398,-5.441398,-0.000000,-0.204204,0.000000,0.000000
2.790000,-0.558497,0.000000,0.000000,-0.390033,0.000816,-0.007732,5.441398,-5.441398,-0.000000,-0.204204,0.000000,0.000000
2.800000,-0.560539,0.000000,0.000000,-0.391581,0.000820,-0.007720,5.441398,-5.441398,-0.000000,-0.204204,0.000000,0.000000
2.810000,-0.562581,0.000000,0.000000,-0.393121,0.000833,-0.007713,5.441398,-5.441398,-0.000000,-0.204204,0.000000,0.000000
2.820000,-0.564623,0.000000,0.000000,-0.394660,0.000845,-0.007666,5.441398,-5.441398,-0.000000,-0.204204,0.000000,0.000000
2.830000,-0.566665,0.000000,0.000000,-0.396175,0.000844,-0.007606,5.441398,-5.441398,-0.000000,-0.204204,0.000000,0.000000
2.840000,-0.568707,0.000000,0.000000,-0.397688,0.000852,-0.007573,5.441398,-5.441398,-0.000000,-0.204204,0.000000,0.000000
2.850000,-0.570749,0.000000,0.000000,-0.399177,0.000854,-0.007472,5.441398,-5.441398,-0.000000,-0.204204,0.000000,0.000000
2.860000,-0.572791,0.000000,0.000000,-0.400675,0.000850,-0.007595,5.441398,-5.441398,-0.000000,-0.204204,0.000000,0.000000
2.870000,-0.574833,0.000000,0.000000,-0.402197,0.000862,-0.007667,5.441398,-5.441398,-0.000000,-0.204204,0.000000,0.000000
2.880000,-0.576875,0.000000,0.000000,-0.403707,0.000871,-0.007641,5.441398,-5.441398,-0.000000,-0.204204,0.000000,0.000000
2.890000,-0.578917,0.000000,0.000000,-0.405230,0.000883,-0.007679,5.441398,-5.441398,-0.000000,-0.204204,0.000000,0.000000
2.900000,-0.580959,0.000000,0.000000,-0.406727,0.000895,-0.007646,5.441398,-5.441398,-0.000000,-0.204204,0.000000,0.000000
2.910000,-0.583001,0.000000,0.000000,-0.408179,0.000910,-0.007620,5.441398,-5.441398,-0.000000,-0.204204,0.000000,0.000000
2.920000,-0.585043,0.000000,0.000000,-0.409679,0.000917,-0.007573,5.441398,-5.441398,-0.000000,-0.204204,0.000000,0.000000
2.930000,-0.587085,0.000000,0.000000,-0.411195,0.000922,-0.007553,5.441398,-5.441398,-0.000000,-0.204204,0.000000,0.000000
2.940000,-0.589127,0.000000,0.000000,-0.412691,0.000928,-0.007539,5.441398,-5.441398,-0.000000,-0.204204,0.000000,0.000000
2.950000,-0.591169,0.000000,0.000000,-0.414191,0.000939,-0.007400,5.441398,-5.441398,-0.000000,-0.204204,0.000000,0.000000
2.960000,-0.593211,0.000000,0.000000,-0.415672,0.000942,-0.007306,5.441398,-5.441398,-0.000000,-0.204204,0.000000,0.000000
2.970000,-0.595253,0.000000,0.000000,-0.417151,0.000945,-0.007381,5.441398,-5.441398,-0.000000,-0.204204,0.000000,0.000000
2.980000,-0.597295,0.000000,0.000000,-0.418650,0.000945,-0.007300,5.441398,-5.441398,-0.000000,-0.204204,0.000000,0.000000
2.990000,-0.599337,0.000000,0.000000,-0.420121,0.000944,-0.007402,5.441398,-5.441398,-0.000000,-0.204204,0.000000,0.000000
3.000000,-0.601379,0.000000,0.000000,-0.421591,0.000951,-0.007534,5.441398,-5.441398,-0.000000,-0.204204,0.000000,0.000000
3.010000,-0.603421,0.000000,0.000000,-0.423042,0.000952,-0.007649,5.441398,-5.441398,-0.000000,-0.204204,0.000000,0.000000
3.020000,-0.605463,0.000000,0.000000,-0.424498,0.000959,-0.007800,5.441398,-5.441398,-0.000000,-0.204204,0.000000,0.000000
3.030000,-0.607505,0.000000,0.000000,-0.425964,0.000964,-0.007881,5.441398,-5.441398,-0.000000,-0.204204,0.000000,0.000000
3.040000,-0.609548,0.000000,0.000000,-0.427439,0.000966,-0.007956,5.441398,-5.441398,-0.000000,-0.204204,0.000000,0.000000
3.050000,-0.611590,0.000000,0.000000,-0.428879,0.000972,-0.008065,5.441398,-5.441398,-0.000000,-0.204204,0.000000,0.000000
3.060000,-0.613632,0.000000,0.000000,-0.430345,0.000973,-0.008088,5.441398,-5.441398,-0.000000,-0.204204,0.000000,0.000000
3.070000,-0.615674,0.000000,0.000000,-0.431764,0.000973,-0.008085,5.441398,-5.441398,-0.000000,-0.204204,0.000000,0.000000
3.080000,-0.617716,0.000000,0.000000,-0.433157,0.000970,-0.007969,5.441398,-5.441398,-0.000000,-0.204204,0.000000,0.000000
3.090000,-0.619758,0.000000,0.000000,-0.434616,0.000973,-0.008018,5.441398,-5.441398,-0.000000,-0.204204,0.000000,0.000000
3.100000,-0.621800,0.000000,0.000000,-0.436079,0.000977,-0.007980,5.441398,-5.441398,-0.000000,-0.204204,0.000000,0.000000
3.110000,-0.623842,0.000000,0.000000,-0.437538,0.000983,-0.008008,5.441398,-5.441398,-0.000000,-0.204204,0.000000,0.000000
3.120000,-0.625884,0.000000,0.000000,-0.438995,0.000994,-0.007960,5.441398,-5.441398,-0.000000,-0.204204,0.000000,0.000000
3.130000,-0.627926,0.000000,0.000000,-0.440433,0.000997,-0.007962,5.441398,-5.441398,-0.000000,-0.204204,0.000000,0.000000
3.140000,-0.629968,0.000000,0.000000,-0.441873,0.001018,-0.008060,5.441398,-5.441398,-0.000000,-0.204204,0.000000,0.000000
3.150000,-0.632010,0.000000,0.000000,-0.443348,0.001017,-0.008063,5.441398,-5.441398,-0.000000,-0.204204,0.000000,0.000000
3.160000,-0.634052,0.000000,0.000000,-0.444839,0.001021,-0.008120,5.441398,-5.441398,-0.000000,-0.204204,0.000000,0.000000
3.170000,-0.636094,0.000000,0.000000,-0.446298,0.001011,-0.008111,5.441398,-5.441398,-0.000000,-0.204204,0.000000,0.000000
3.180000,-0.638136,0.000000,0.000000,-0.447779,0.001014,-0.008256,5.441398,-5.441398,-0.000000,-0.204204,0.000000,0.000000
3.190000,-0.640178,0.000000,0.000000,-0.449221,0.001010,-0.008378,5.441398,-5.441398,-0.000000,-0.204204,0.000000,0.000000
3.200000,-0.642220,0.000000,0.000000,-0.450707,0.001017,-0.008522,5.441398,-5.441398,-0.000000,-0.204204,0.000000,0.000000
3.210000,-0.644262,0.000000,0.000000,-0.452203,0.001027,-0.008583,5.441398,-5.441398,-0.000000,-0.204204,0.000000,0.000000
3.220000,-0.646304,0.000000,0.000000,-0.453701,0.001035,-0.008679,5.441398,-5.441398,-0.000000,-0.204204,0.000000,0.000000
3.230000,-0.648346,0.000000,0.000000,-0.455176,0.001048,-0.008727,5.441398,-5.441398,-0.000000,-0.204204,0.000000,0.000000
3.240000,-0.650388,0.000000,0.000000,-0.456664,0.001054,-0.008819,5.441398,-5.441398,-0.000000,-0.204204,0.000000,0.000000
3.250000,-0.652430,0.000000,0.000000,-0.458134,0.001068,-0.008863,5.441398,-5.441398,-0.000000,-0.204204,0.000000,0.000000
3.260000,-0.654472,0.000000,0.000000,-0.459670,0.001077,-0.008823,5.441398,-5.441398,-0.000000,-0.204204,0.000000,0.000000
3.270000,-0.656514,0.000000,0.000000,-0.461203,0.001078,-0.008731,5.441398,-5.441398,-0.000000,-0.204204,0.000000,0.000000
3.280000,-0.658556,0.000000,0.000000,-0.462726,0.001090,-0.008682,5.441398,-5.441398,-0.000000,-0.204204,0.000000,0.000000
3.290000,-0.660598,0.000000,0.000000,-0.464224,0.001080,-0.008422,5.441398,-5.441398,-0.000000,-0.204204,0.000000,0.000000
3.300000,-0.662640,0.000000,0.000000,-0.465721,0.001095,-0.008466,5.441398,-5.441398,-0.000000,-0.204204,0.000000,0.000000
3.310000,-0.664682,0.000000,0.000000,-0.467173,0.001030,-0.008806,5.441398,-5.441398,-0.000000,-0.204204,0.000000,0.000000
3.320000,-0.666725,0.000000,0.000000,-0.468690,0.001020,-0.008973,5.441398,-5.441398,-0.000000,-0.204204,0.000000,0.000000
3.330000,-0.668767,0.000000,0.000000,-0.470221,0.001035,-0.008964,5.441398,-5.441398,-0.000000,-0.204204,0.000000,0.000000
3.340000,-0.670809,0.000000,0.000000,-0.471749,0.001041,-0.008888,5.441398,-5.441398,-0.000000,-0.204204,0.000000,0.000000
3.350000,-0.672851,0.000000,0.000000,-0.473276,0.001053,-0.008833,5.441398,-5.441398,-0.000000,-0.204204,0.000000,0.000000
3.360000,-0.674893,0.000000,0.000000,-0.474770,0.001051,-0.008806,5.441398,-5.441398,-0.000000,-0.204204,0.000000,0.000000
3.370000,-0.676935,0.000000,0.000000,-0.476252,0.001048,-0.008961,5.441398,-5.441398,-0.000000,-0.204204,0.000000,0.000000
3.380000,-0.678977,0.000000,0.000000,-0.477778,0.001064,-0.008985,5.441398,-5.441398,-0.000000,-0.204204,0.000000,0.000000
3.390000,-0.681019,0.000000,0.000000,-0.479323,0.001068,-0.008888,5.441398,-5.441398,-0.000000,-0.204204,0.000000,0.000000
3.400000,-0.683061,0.000000,0.000000,-0.480849,0.001081,-0.008818,5.441398,-5.441398,-0.000000,-0.204204,0.000000,0.000000
3.410000,-0.685103,0.000000,0.000000,-0.482370,0.001078,-0.008770,5.441398,-5.441398,-0.000000,-0.204204,0.000000,0.000000
3.420000,-0.687145,0.000000,0.000000,-0.483874,0.001082,-0.008615,5.441398,-5.441398,-0.000000,-0.204204,0.000000,0.000000
3.430000,-0.689187,0.000000,0.000000,-0.485363,0.001096,-0.008530,5.441398,-5.441398,-0.000000,-0.204204,0.000000,0.000000
3.440000,-0.691229,0.000000,0.000000,-0.486896,0.001102,-0.008493,5.441398,-5.441398,-0.000000,-0.204204,0.000000,0.000000
3.450000,-0.693271,0.000000,0.000000,-0.488413,0.001122,-0.008499,5.441398,-5.441398,-0.000000,-0.204204,0.000000,0.000000
3.460000,-0.695313,0.000000,0.000000,-0.489927,0.001129,-0.008453,5.441398,-5.441398,-0.000000,-0.204204,0.000000,0.000000
3.470000,-0.697355,0.000000,0.000000,-0.491435,0.001143,-0.008437,5.441398,-5.441398,-0.000000,-0.204204,0.000000,0.000000
3.480000,-0.699397,0.000000,0.000000,-0.492916,0.001142,-0.008428,5.441398,-5.441398,-0.000000,-0.204204,0.000000,0.000000
3.490000,-0.701439,0.000000,0.000000,-0.494409,0.001145,-0.008461,5.441398,-5.441398,-0.000000,-0.204204,0.000000,0.000000
3.500000,-0.703481,0.000000,0.000000,-0.495904,0.001162,-0.008418,5.441398,-5.441398,-0.000000,-0.204204,0.000000,0.000000
3.510000,-0.705523,0.000000,0.000000,-0.497392,0.001160,-0.008368,5.441398,-5.441398,-0.000000,-0.204204,0.000000,0.000000
3.520000,-0.707565,0.000000,0.000000,-0.498883,0.001170,-0.008390,5.441398,-5.441398,-0.000000,-0.204204,0.000000,0.000000
3.530000,-0.709607,0.000000,0.000000,-0.500371,0.001166,-0.008328,5.441398,-5.441398,-0.000000,-0.204204,0.000000,0.000000
3.540000,-0.711649,0.000000,0.000000,-0.501832,0.001173,-0.008202,5.441398,-5.441398,-0.000000,-0.204204,0.000000,0.000000
3.550000,-0.713691,0.000000,0.000000,-0.503304,0.001164,-0.008130,5.441398,-5.441398,-0.000000,-0.204204,0.000000,0.000000
3.560000,-0.715733,0.000000,0.000000,-0.504789,0.001170,-0.008290,5.441398,-5.441398,-0.000000,-0.204204,0.000000,0.000000
3.570000,-0.717775,0.000000,0.000000,-0.506267,0.001172,-0.008325,5.441398,-5.441398,-0.000000,-0.204204,0.000000,0.000000
3.580000,-0.719817,0.000000,0.000000,-0.507748,0.001181,-0.008476,5.441398,-5.441398,-0.000000,-0.204204,0.000000,0.000000
3.590000,-0.721859,0.000000,0.000000,-0.509208,0.001186,-0.008504,5.441398,-5.441398,-0.000000,-0.204204,0.000000,0.000000
3.600000,-0.723901,0.000000,0.000000,-0.510642,0.001193,-0.008645,5.441398,-5.441398,-0.000000,-0.204204,0.000000,0.000000
3.610000,-0.725944,0.000000,0.000000,-0.512144,0.001195,-0.008680,5.441398,-5.441398,-0.000000,-0.204204,0.000000,0.000000
3.620000,-0.727986,0.000000,0.000000,-0.513612,0.001202,-0.008748,5.441398,-5.441398,-0.000000,-0.204204,0.000000,0.000000
3.630000,-0.730028,0.000000,0.000000,-0.515085,0.001203,-0.008718,5.441398,-5.441398,-0.000000,-0.204204,0.000000,0.000000
3.640000,-0.732070,0.000000,0.000000,-0.516526,0.001204,-0.008717,5.441398,-5.441398,-0.000000,-0.204204,0.000000,0.000000
3.650000,-0.734112,0.000000,0.000000,-0.517961,0.001202,-0.008675,5.441398,-5.441398,-0.000000,-0.204204,0.000000,0.000000
3.660000,-0.736154,0.000000,0.000000,-0.519380,0.001197,-0.008561,5.441398,-5.441398,-0.000000,-0.204204,0.000000,0.000000
3.670000,-0.738196,0.000000,0.000000,-0.520845,0.001205,-0.008733,5.441398,-5.441398,-0.000000,-0.204204,0.000000,0.000000
3.680000,-0.740238,0.000000,0.000000,-0.522309,0.001214,-0.008798,5.441398,-5.441398,-0.000000,-0.204204,0.000000,0.000000
3.690000,-0.742280,0.000000,0.000000,-0.523762,0.001224,-0.008934,5.441398,-5.441398,-0.000000,-0.204204,0.000000,0.000000
3.700000,-0.744322,0.000000,0.000000,-0.525220,0.001241,-0.009000,5.441398,-5.441398,-0.000000,-0.204204,0.000000,0.000000
3.710000,-0.746364,0.000000,0.000000,-0.526655,0.001249,-0.009107,5.441398,-5.441398,-0.000000,-0.204204,0.000000,0.000000
3.720000,-0.748406,0.000000,0.000000,-0.528114,0.001245,-0.009254,5.441398,-5.441398,-0.000000,-0.204204,0.000000,0.000000
3.730000,-0.750448,0.000000,0.000000,-0.529598,0.001247,-0.009295,5.441398,-5.441398,-0.000000,-0.204204,0.000000,0.000000
3.740000,-0.752490,0.000000,0.000000,-0.531090,0.001244,-0.009299,5.441398,-5.441398,-0.000000,-0.204204,0.000000,0.000000
3.750000,-0.754532,0.000000,0.000000,-0.532551,0.001244,-0.009257,5.441398,-5.441398,-0.000000,-0.204204,0.000000,0.000000
3.760000,-0.756574,0.000000,0.000000,-0.534037,0.001249,-0.009355,5.441398,-5.441398,-0.000000,-0.204204,0.000000,0.000000
3.770000,-0.758616,0.000000,0.000000,-0.535486,0.001255,-0.009444,5.441398,-5.441398,-0.000000,-0.204204,0.000000,0.000000
3.780000,-0.760658,0.000000,0.000000,-0.537010,0.001259,-0.009424,5.441398,-5.441398,-0.000000,-0.204204,0.000000,0.000000
3.790000,-0.762700,0.000000,0.000000,-0.538514,0.001271,-0.009450,5.441398,-5.441398,-0.000000,-0.204204,0.000000,0.000000
3.800000,-0.764742,0.000000,0.000000,-0.540016,0.001283,-0.009454,5.441398,-5.441398,-0.000000,-0.204204,0.000000,0.000000
3.810000,-0.766784,0.000000,0.000000,-0.541507,0.001295,-0.009465,5.441398,-5.441398,-0.000000,-0.204204,0.000000,0.000000
3.820000,-0.768826,0.000000,0.000000,-0.542992,0.001309,-0.009474,5.441398,-5.441398,-0.000000,-0.204204,0.000000,0.000000
3.830000,-0.770868,0.000000,0.000000,-0.544477,0.001333,-0.009258,5.441398,-5.441398,-0.000000,-0.204204,0.000000,0.000000
3.840000,-0.772910,0.000000,0.000000,-0.546006,0.001346,-0.009125,5.441398,-5.441398,-0.000000,-0.204204,0.000000,0.000000
3.850000,-0.774952,0.000000,0.000000,-0.547526,0.001340,-0.009030,5.441398,-5.441398,-0.000000,-0.204204,0.000000,0.000000
3.860000,-0.776994,0.000000,0.000000,-0.549040,0.001344,-0.008934,5.441398,-5.441398,-0.000000,-0.204204,0.000000,0.000000
3.870000,-0.779036,0.000000,0.000000,-0.550570,0.001339,-0.008672,5.441398,-5.441398,-0.000000,-0.204204,0.000000,0.000000
3.880000,-0.781078,0.000000,0.000000,-0.552070,0.001347,-0.008659,5.441398,-5.441398,-0.000000,-0.204204,0.000000,0.000000
3.890000,-0.783121,0.000000,0.000000,-0.553566,0.001359,-0.008687,5.441398,-5.441398,-0.000000,-0.204204,0.000000,0.000000
3.900000,-0.785163,0.000000,0.000000,-0.555075,0.001361,-0.008712,5.441398,-5.441398,-0.000000,-0.204204,0.000000,0.000000
3.910000,-0.787205,0.000000,0.000000,-0.556601,0.001378,-0.008757,5.441398,-5.441398,-0.000000,-0.204204,0.000000,0.000000
3.920000,-0.789247,0.000000,0.000000,-0.558098,0.001380,-0.008759,5.441398,-5.441398,-0.000000,-0.204204,0.000000,0.000000
3.930000,-0.791289,0.000000,0.000000,-0.559620,0.001394,-0.008802,5.441398,-5.441398,-0.000000,-0.204204,0.000000,0.000000
3.940000,-0.793331,0.000000,0.000000,-0.561104,0.001397,-0.008822,5.441398,-5.441398,-0.000000,-0.204204,0.000000,0.000000
3.950000,-0.795373,0.000000,0.000000,-0.562596,0.001403,-0.008808,5.441398,-5.441398,-0.000000,-0.204204,0.000000,0.000000
3.960000,-0.797415,0.000000,0.000000,-0.564136,0.001418,-0.008798,5.441398,-5.441398,-0.000000,-0.204204,0.000000,0.000000
3.970000,-0.799457,0.000000,0.000000,-0.565658,0.001415,-0.008749,5.441398,-5.441398,-0.000000,-0.204204,0.000000,0.000000
3.980000,-0.801499,0.000000,0.000000,-0.567183,0.001430,-0.008740,5.441398,-5.441398,-0.000000,-0.204204,0.000000,0.000000
3.990000,-0.803541,0.000000,0.000000,-0.568698,0.001429,-0.008697,5.441398,-5.441398,-0.000000,-0.204204,0.000000,0.000000
4.000000,-0.805583,0.000000,0.000000,-0.570187,0.001443,-0.008579,5.441398,-5.441398,-0.000000,-0.204204,0.000000,0.000000
4.010000,-0.807625,0.000000,0.000000,-0.571717,0.001448,-0.008436,5.441398,-5.441398,-0.000000,-0.204204,0.000000,0.000000
4.020000,-0.809667,0.000000,0.000000,-0.573255,0.001450,-0.008525,5.441398,-5.441398,-0.000000,-0.204204,0.000000,0.000000
4.030000,-0.811709,0.000000,0.000000,-0.574787,0.001467,-0.008688,5.441398,-5.441398,-0.000000,-0.204204,0.000000,0.000000
4.040000,-0.813751,0.000000,0.000000,-0.576281,0.001464,-0.008805,5.441398,-5.441398,-0.000000,-0.204204,0.000000,0.000000
4.050000,-0.815793,0.000000,0.000000,-0.577774,0.001480,-0.008921,5.441398,-5.441398,-0.000000,-0.204204,0.000000,0.000000
4.060000,-0.817835,0.000000,0.000000,-0.579230,0.001541,-0.008485,5.441398,-5.441398,-0.000000,-0.204204,0.000000,0.000000
4.070000,-0.819877,0.000000,0.000000,-0.580718,0.001570,-0.008363,5.441398,-5.441398,-0.000000,-0.204204,0.000000,0.000000
4.080000,-0.821919,0.000000,0.000000,-0.582207,0.001573,-0.008334,5.441398,-5.441398,-0.000000,-0.204204,0.000000,0.000000
4.090000,-0.823961,0.000000,0.000000,-0.583680,0.001596,-0.008353,5.441398,-5.441398,-0.000000,-0.204204,0.000000,0.000000
4.100000,-0.826003,0.000000,0.000000,-0.585180,0.001597,-0.008340,5.441398,-5.441398,-0.000000,-0.204204,0.000000,0.000000
4.110000,-0.828045,0.000000,0.000000,-0.586648,0.001615,-0.008352,5.441398,-5.441398,-0.000000,-0.204204,0.000000,0.000000
4.120000,-0.830087,0.000000,0.000000,-0.588081,0.001605,-0.008305,5.441398,-5.441398,-0.000000,-0.204204,0.000000,0.000000
4.130000,-0.832129,0.000000,0.000000,-0.589570,0.001601,-0.008236,5.441398,-5.441398,-0.000000,-0.204204,0.000000,0.000000
4.140000,-0.834171,0.000000,0.000000,-0.591036,0.001587,-0.008256,5.441398,-5.441398,-0.000000,-0.204204,0.000000,0.000000
4.150000,-0.836213,0.000000,0.000000,-0.592504,0.001595,-0.008407,5.441398,-5.441398,-0.000000,-0.204204,0.000000,0.000000
4.160000,-0.838255,0.000000,0.000000,-0.593982,0.001601,-0.008409,5.441398,-5.441398,-0.000000,-0.204204,0.000000,0.000000
4.170000,-0.840297,0.000000,0.000000,-0.595437,0.001609,-0.008490,5.441398,-5.441398,-0.000000,-0.204204,0.000000,0.000000
4.180000,-0.842340,0.000000,0.000000,-0.596897,0.001609,-0.008497,5.441398,-5.441398,-0.000000,-0.204204,0.000000,0.000000
4.190000,-0.844382,0.000000,0.000000,-0.598335,0.001608,-0.008535,5.441398,-5.441398,-0.000000,-0.204204,0.000000,0.000000
4.200000,-0.846424,0.000000,0.000000,-0.599784,0.001609,-0.008587,5.441398,-5.441398,-0.000000,-0.204204,0.000000,0.000000
4.210000,-0.848466,0.000000,0.000000,-0.601191,0.001602,-0.008546,5.441398,-5.441398,-0.000000,-0.204204,0.000000,0.000000
4.220000,-0.850508,0.000000,0.000000,-0.602618,0.001594,-0.008536,5.441398,-5.441398,-0.000000,-0.204204,0.000000,0.000000
4.230000,-0.852550,0.000000,0.000000,-0.604023,0.001598,-0.008331,5.441398,-5.441398,-0.000000,-0.204204,0.000000,0.000000
4.240000,-0.854592,0.000000,0.000000,-0.605464,0.001613,-0.008328,5.441398,-5.441398,-0.000000,-0.204204,0.000000,0.000000
4.250000,-0.856634,0.000000,0.000000,-0.606917,0.001614,-0.008393,5.441398,-5.441398,-0.000000,-0.204204,0.000000,0.000000
4.260000,-0.858676,0.000000,0.000000,-0.608356,0.001630,-0.008456,5.441398,-5.441398,-0.000000,-0.204204,0.000000,0.000000
4.270000,-0.860718,0.000000,0.000000,-0.609789,0.001623,-0.008509,5.441398,-5.441398,-0.000000,-0.204204,0.000000,0.000000
4.280000,-0.862760,0.000000,0.000000,-0.611234,0.001629,-0.008666,5.441398,-5.441398,-0.000000,-0.204204,0.000000,0.000000
4.290000,-0.864802,0.000000,0.000000,-0.612674,0.001625,-0.008605,5.441398,-5.441398,-0.000000,-0.204204,0.000000,0.000000
4.300000,-0.866844,0.000000,0.000000,-0.614188,0.001631,-0.008724,5.441398,-5.441398,-0.000000,-0.204204,0.000000,0.000000
4.310000,-0.868886,0.000000,0.000000,-0.615679,0.001623,-0.008802,5.441398,-5.441398,-0.000000,-0.204204,0.000000,0.000000
4.320000,-0.870928,0.000000,0.000000,-0.617162,0.001626,-0.008779,5.441398,-5.441398,-0.000000,-0.204204,0.000000,0.000000
4.330000,-0.872970,0.000000,0.000000,-0.618652,0.001623,-0.008825,5.441398,-5.441398,-0.000000,-0.204204,0.000000,0.000000
4.340000,-0.875012,0.000000,0.000000,-0.620098,0.001643,-0.008928,5.441398,-5.441398,-0.000000,-0.204204,0.000000,0.000000
4.350000,-0.877054,0.000000,0.000000,-0.621553,0.001643,-0.008893,5.441398,-5.441398,-0.000000,-0.204204,0.000000,0.000000
4.360000,-0.879096,0.000000,0.000000,-0.623049,0.001650,-0.008840,5.441398,-5.441398,-0.000000,-0.204204,0.000000,0.000000
4.370000,-0.881138,0.000000,0.000000,-0.624555,0.001657,-0.008828,5.441398,-5.441398,-0.000000,-0.204204,0.000000,0.000000
4.380000,-0.883180,0.000000,0.000000,-0.626046,0.001667,-0.008770,5.441398,-5.441398,-0.000000,-0.204204,0.000000,0.000000
4.390000,-0.885222,0.000000,0.000000,-0.627547,0.001671,-0.008758,5.441398,-5.441398,-0.000000,-0.204204,0.000000,0.000000
4.400000,-0.887264,0.000000,0.000000,-0.629032,0.001677,-0.008630,5.441398,-5.441398,-0.000000,-0.204204,0.000000,0.000000
4.410000,-0.889306,0.000000,0.000000,-0.630523,0.001683,-0.008578,5.441398,-5.441398,-0.000000,-0.204204,0.000000,0.000000
4.420000,-0.891348,0.000000,0.000000,-0.632036,0.001695,-0.008477,5.441398,-5.441398,-0.000000,-0.204204,0.000000,0.000000
4.430000,-0.893390,0.000000,0.000000,-0.633557,0.001700,-0.008314,5.441398,-5.441398,-0.000000,-0.204204,0.000000,0.000000
4.440000,-0.895432,0.000000,0.000000,-0.635052,0.001716,-0.008286,5.441398,-5.441398,-0.000000,-0.204204,0.000000,0.000000
4.450000,-0.897474,0.000000,0.000000,-0.636565,0.001728,-0.008283,5.441398,-5.441398,-0.000000,-0.204204,0.000000,0.000000
4.460000,-0.899517,0.000000,0.000000,-0.638054,0.001746,-0.008232,5.441398,-5.441398,-0.000000,-0.204204,0.000000,0.000000
4.470000,-0.901559,0.000000,0.000000,-0.639568,0.001759,-0.008165,5.441398,-5.441398,-0.000000,-0.204204,0.000000,0.000000
4.480000,-0.903601,0.000000,0.000000,-0.641091,0.001760,-0.008141,5.441398,-5.441398,-0.000000,-0.204204,0.000000,0.000000
4.490000,-0.905643,0.000000,0.000000,-0.642621,0.001766,-0.008108,5.441398,-5.441398,-0.000000,-0.204204,0.000000,0.000000
4.500000,-0.907685,0.000000,0.000000,-0.644101,0.001775,-0.008113,5.441398,-5.441398,-0.000000,-0.204204,0.000000,0.000000
4.510000,-0.909727,0.000000,0.000000,-0.645611,0.001786,-0.008116,5.441398,-5.441398,-0.000000,-0.204204,0.000000,0.000000
4.520000,-0.911769,0.000000,0.000000,-0.647081,0.001796,-0.008113,5.441398,-5.441398,-0.000000,-0.204204,0.000000,0.000000
4.530000,-0.913811,0.000000,0.000000,-0.648613,0.001799,-0.008242,5.441398,-5.441398,-0.000000,-0.204204,0.000000,0.000000
4.540000,-0.915853,0.000000,0.000000,-0.650165,0.001804,-0.008326,5.441398,-5.441398,-0.000000,-0.204204,0.000000,0.000000
4.550000,-0.917895,0.000000,0.000000,-0.651678,0.001808,-0.008405,5.441398,-5.441398,-0.000000,-0.204204,0.000000,0.000000
4.560000,-0.919937,0.000000,0.000000,-0.653212,0.001812,-0.008402,5.441398,-5.441398,-0.000000,-0.204204,0.000000,0.000000
4.570000,-0.921979,0.000000,0.000000,-0.654700,0.001819,-0.008558,5.441398,-5.441398,-0.000000,-0.204204,0.000000,0.000000
4.580000,-0.924021,0.000000,0.000000,-0.656177,0.001878,-0.008207,5.441398,-5.441398,-0.000000,-0.204204,0.000000,0.000000
4.590000,-0.926063,0.000000,0.000000,-0.657683,0.001880,-0.008184,5.441398,-5.441398,-0.000000,-0.204204,0.000000,0.000000
4.600000,-0.928105,0.000000,0.000000,-0.659210,0.001894,-0.008235,5.441398,-5.441398,-0.000000,-0.204204,0.000000,0.000000
4.610000,-0.930147,0.000000,0.000000,-0.660726,0.001899,-0.008275,5.441398,-5.441398,-0.000000,-0.204204,0.000000,0.000000
4.620000,-0.932189,0.000000,0.000000,-0.662251,0.001910,-0.008402,5.441398,-5.441398,-0.000000,-0.204204,0.000000,0.000000
4.630000,-0.934231,0.000000,0.000000,-0.663730,0.001904,-0.008494,5.441398,-5.441398,-0.000000,-0.204204,0.000000,0.000000
4.640000,-0.936273,0.000000,0.000000,-0.665180,0.001903,-0.008623,5.441398,-5.441398,-0.000000,-0.204204,0.000000,0.000000
4.650000,-0.938315,0.000000,0.000000,-0.666663,0.001920,-0.008610,5.441398,-5.441398,-0.000000,-0.204204,0.000000,0.000000
4.660000,-0.940357,0.000000,0.000000,-0.668181,0.001915,-0.008469,5.441398,-5.441398,-0.000000,-0.204204,0.000000,0.000000
4.670000,-0.942399,0.000000,0.000000,-0.669667,0.001933,-0.008446,5.441398,-5.441398,-0.000000,-0.204204,0.000000,0.000000
4.680000,-0.944441,0.000000,0.000000,-0.671174,0.001936,-0.008333,5.441398,-5.441398,-0.000000,-0.204204,0.000000,0.000000
4.690000,-0.946483,0.000000,0.000000,-0.672639,0.001945,-0.008133,5.441398,-5.441398,-0.000000,-0.204204,0.000000,0.000000
4.700000,-0.948525,0.000000,0.000000,-0.674106,0.001947,-0.008068,5.441398,-5.441398,-0.000000,-0.204204,0.000000,0.000000
4.710000,-0.950567,0.000000,0.000000,-0.675594,0.001952,-0.008133,5.441398,-5.441398,-0.000000,-0.204204,0.000000,0.000000
4.720000,-0.952609,0.000000,0.000000,-0.677079,0.001954,-0.008107,5.441398,-5.441398,-0.000000,-0.204204,0.000000,0.000000
4.730000,-0.954651,0.000000,0.000000,-0.678543,0.001956,-0.008161,5.441398,-5.441398,-0.000000,-0.204204,0.000000,0.000000
4.740000,-0.956694,0.000000,0.000000,-0.680012,0.001961,-0.008158,5.441398,-5.441398,-0.000000,-0.204204,0.000000,0.000000
4.750000,-0.958736,0.000000,0.000000,-0.681455,0.001958,-0.008197,5.441398,-5.441398,-0.000000,-0.204204,0.000000,0.000000
4.760000,-0.960778,0.000000,0.000000,-0.682876,0.001955,-0.008349,5.441398,-5.441398,-0.000000,-0.204204,0.000000,0.000000
4.770000,-0.962820,0.000000,0.000000,-0.684329,0.001955,-0.008437,5.441398,-5.441398,-0.000000,-0.204204,0.000000,0.000000
4.780000,-0.964862,0.000000,0.000000,-0.685771,0.001957,-0.008414,5.441398,-5.441398,-0.000000,-0.204204,0.000000,0.000000
4.790000,-0.966904,0.000000,0.000000,-0.687209,0.001956,-0.008389,5.441398,-5.441398,-0.000000,-0.204204,0.000000,0.000000
4.800000,-0.968946,0.000000,0.000000,-0.688621,0.001969,-0.008426,5.441398,-5.441398,-0.000000,-0.204204,0.000000,0.000000
4.810000,-0.970988,0.000000,0.000000,-0.690008,0.001971,-0.008478,5.441398,-5.441398,-0.000000,-0.204204,0.000000,0.000000
4.820000,-0.973030,0.000000,0.000000,-0.691465,0.001987,-0.008588,5.441398,-5.441398,-0.000000,-0.204204,0.000000,0.000000
4.830000,-0.975072,0.000000,0.000000,-0.692927,0.001997,-0.008736,5.441398,-5.441398,-0.000000,-0.204204,0.000000,0.000000
4.840000,-0.977114,0.000000,0.000000,-0.694369,0.002015,-0.008802,5.441398,-5.441398,-0.000000,-0.204204,0.000000,0.000000
4.850000,-0.979156,0.000000,0.000000,-0.695807,0.002012,-0.008878,5.441398,-5.441398,-0.000000,-0.204204,0.000000,0.000000
4.860000,-0.981198,0.000000,0.000000,-0.697232,0.002031,-0.008957,5.441398,-5.441398,-0.000000,-0.204204,0.000000,0.000000
4.870000,-0.983240,0.000000,0.000000,-0.698690,0.002027,-0.008860,5.441398,-5.441398,-0.000000,-0.204204,0.000000,0.000000
4.880000,-0.985282,0.000000,0.000000,-0.700172,0.002020,-0.008709,5.441398,-5.441398,-0.000000,-0.204204,0.000000,0.000000
4.890000,-0.987324,0.000000,0.000000,-0.701669,0.002026,-0.008741,5.441398,-5.441398,-0.000000,-0.204204,0.000000,0.000000
4.900000,-0.989366,0.000000,0.000000,-0.703141,0.002027,-0.008741,5.441398,-5.441398,-0.000000,-0.204204,0.000000,0.000000
4.910000,-0.991408,0.000000,0.000000,-0.704637,0.002035,-0.008773,5.441398,-5.441398,-0.000000,-0.204204,0.000000,0.000000
4.920000,-0.993246,0.000000,0.000000,-0.706093,0.002033,-0.008764,4.897258,-4.897258,-0.000000,-0.183783,0.000000,0.000000
4.930000,-0.994880,0.000000,0.000000,-0.707536,0.002032,-0.008906,4.353118,-4.353118,-0.000000,-0.163363,0.000000,0.000000
4.940000,-0.996309,0.000000,0.000000,-0.709006,0.002044,-0.009049,3.808979,-3.808979,-0.000000,-0.142942,0.000000,0.000000
4.950000,-0.997534,0.000000,0.000000,-0.710452,0.002043,-0.009019,3.264839,-3.264839,-0.000000,-0.122522,0.000000,0.000000
4.960000,-0.998555,0.000000,0.000000,-0.711845,0.002053,-0.009024,2.720699,-2.720699,-0.000000,-0.102102,0.000000,0.000000
4.970000,-0.999372,0.000000,0.000000,-0.713187,0.002057,-0.008848,2.176559,-2.176559,-0.000000,-0.081681,0.000000,0.000000
4.980000,-0.999985,0.000000,0.000000,-0.714450,0.002064,-0.008952,1.632419,-1.632419,-0.000000,-0.061261,0.000000,0.000000
4.990000,-1.000393,0.000000,0.000000,-0.715605,0.002074,-0.009010,-1.088280,1.088280,0.000000,0.040841,0.000000,0.000000
5.000000,-1.000189,0.000000,0.000000,-0.716624,0.002071,-0.007788,-0.544140,0.544140,0.000000,0.020420,0.000000,0.000000
5.010000,-1.000189,0.000000,0.000000,-0.717594,0.002083,-0.007838,-0.000000,0.000000,0.000000,0.000000,0.000000,0.000000
5.020000,-0.999985,0.000000,0.000000,-0.718412,0.002117,-0.009767,0.544140,-0.544140,-0.000000,-0.020420,0.000000,0.000000
5.030000,-0.999985,0.000000,0.000000,-0.719158,0.002118,-0.009262,0.000000,-0.000000,-0.000000,-0.000000,0.000000,0.000000
5.040000,-1.000189,0.000000,0.000000,-0.719873,0.002122,-0.009238,-0.544140,0.544140,0.000000,0.020420,0.000000,0.000000
5.050000,-1.000189,0.000000,0.000000,-0.720641,0.002122,-0.009134,-0.000000,0.000000,0.000000,0.000000,0.000000,0.000000
5.060000,-0.999985,0.000000,0.000000,-0.721314,0.002126,-0.008747,0.544140,-0.544140,-0.000000,-0.020420,0.000000,0.000000
5.070000,-0.999985,0.000000,0.000000,-0.721907,0.002121,-0.009050,0.000000,-0.000000,-0.000000,-0.000000,0.000000,0.000000
5.080000,-1.000189,0.000000,0.000000,-0.722462,0.002108,-0.009339,-0.544140,0.544140,0.000000,0.020420,0.000000,0.000000
5.090000,-1.000189,0.000000,0.000000,-0.722954,0.002096,-0.009615,-0.000000,0.000000,0.000000,0.000000,0.000000,0.000000
5.100000,-0.999985,0.000000,0.000000,-0.723356,0.002085,-0.009681,0.544140,-0.544140,-0.000000,-0.020420,0.000000,0.000000
5.110000,-0.999985,0.000000,0.000000,-0.723732,0.002077,-0.009724,0.000000,-0.000000,-0.000000,-0.000000,0.000000,0.000000
5.120000,-1.000189,0.000000,0.000000,-0.724100,0.002081,-0.009492,-0.544140,0.544140,0.000000,0.020420,0.000000,0.000000
5.130000,-1.000189,0.000000,0.000000,-0.724429,0.002085,-0.009296,-0.000000,0.000000,0.000000,0.000000,0.000000,0.000000
5.140000,-0.999985,0.000000,0.000000,-0.724732,0.002058,-0.009198,0.544140,-0.544140,-0.000000,-0.020420,0.000000,0.000000
5.150000,-0.999985,0.000000,0.000000,-0.725006,0.002053,-0.009035,0.000000,-0.000000,-0.000000,-0.000000,0.000000,0.000000
5.160000,-1.000189,0.000000,0.000000,-0.725273,0.002053,-0.008851,-0.544140,0.544140,0.000000,0.020420,0.000000,0.000000
5.170000,-1.000189,0.000000,0.000000,-0.725507,0.002057,-0.008700,-0.000000,0.000000,0.000000,0.000000,0.000000,0.000000
5.180000,-0.999985,0.000000,0.000000,-0.725716,0.002063,-0.008559,0.544140,-0.544140,-0.000000,-0.020420,0.000000,0.000000
5.190000,-0.999985,0.000000,0.000000,-0.725917,0.002072,-0.008568,0.000000,-0.000000,-0.000000,-0.000000,0.000000,0.000000
5.200000,-1.000189,0.000000,0.000000,-0.726103,0.002079,-0.008537,-0.544140,0.544140,0.000000,0.020420,0.000000,0.000000
5.210000,-1.000189,0.000000,0.000000,-0.726261,0.002087,-0.008504,-0.000000,0.000000,0.000000,0.000000,0.000000,0.000000
5.220000,-0.999985,0.000000,0.000000,-0.726388,0.002094,-0.008544,0.544140,-0.544140,-0.000000,-0.020420,0.000000,0.000000
5.230000,-0.999985,0.000000,0.000000,-0.726512,0.002097,-0.008608,0.000000,-0.000000,-0.000000,-0.000000,0.000000,0.000000
5.240000,-1.000189,0.000000,0.000000,-0.726629,0.002101,-0.008660,-0.544140,0.544140,0.000000,0.020420,0.000000,0.000000
5.250000,-1.000189,0.000000,0.000000,-0.726711,0.002103,-0.008639,-0.000000,0.000000,0.000000,0.000000,0.000000,0.000000
5.260000,-0.999985,0.000000,0.000000,-0.726779,0.002106,-0.008621,0.544140,-0.544140,-0.000000,-0.020420,0.000000,0.000000
5.270000,-0.999985,0.000000,0.000000,-0.726850,0.002109,-0.008606,0.000000,-0.000000,-0.000000,-0.000000,0.000000,0.000000
5.280000,-1.000189,0.000000,0.000000,-0.726920,0.002112,-0.008589,-0.544140,0.544140,0.000000,0.020420,0.000000,0.000000
5.290000,-1.000189,0.000000,0.000000,-0.726968,0.002114,-0.008576,-0.000000,0.000000,0.000000,0.000000,0.000000,0.000000
5.300000,-0.999985,0.000000,0.000000,-0.727003,0.002116,-0.008567,0.544140,-0.544140,-0.000000,-0.020420,0.000000,0.000000
5.310000,-0.999985,0.000000,0.000000,-0.727042,0.002118,-0.008562,0.000000,-0.000000,-0.000000,-0.000000,0.000000,0.000000
5.320000,-1.000189,0.000000,0.000000,-0.727078,0.002120,-0.008558,-0.544140,0.544140,0.000000,0.020420,0.000000,0.000000
5.330000,-1.000189,0.000000,0.000000,-0.727099,0.002122,-0.008551,-0.000000,0.000000,0.000000,0.000000,0.000000,0.000000
5.340000,-0.999985,0.000000,0.000000,-0.727114,0.002123,-0.008545,0.544140,-0.544140,-0.000000,-0.020420,0.000000,0.000000
5.350000,-0.999985,0.000000,0.000000,-0.727136,0.002125,-0.008544,0.000000,-0.000000,-0.000000,-0.000000,0.000000,0.000000
5.360000,-1.000189,0.000000,0.000000,-0.727157,0.002127,-0.008541,-0.544140,0.544140,0.000000,0.020420,0.000000,0.000000
5.370000,-1.000189,0.000000,0.000000,-0.727163,0.002128,-0.008533,-0.000000,0.000000,0.000000,0.000000,0.000000,0.000000
5.380000,-0.999985,0.000000,0.000000,-0.727164,0.002129,-0.008527,0.544140,-0.544140,-0.000000,-0.020420,0.000000,0.000000
5.390000,-0.999985,0.000000,0.000000,-0.727172,0.002130,-0.008526,0.000000,-0.000000,-0.000000,-0.000000,0.000000,0.000000
5.400000,-1.000189,0.000000,0.000000,-0.727179,0.002131,-0.008523,-0.544140,0.544140,0.000000,0.020420,0.000000,0.000000
5.410000,-1.000189,0.000000,0.000000,-0.727174,0.002131,-0.008519,-0.000000,0.000000,0.000000,0.000000,0.000000,0.000000
5.420000,-0.999985,0.000000,0.000000,-0.727163,0.002132,-0.008517,0.544140,-0.544140,-0.000000,-0.020420,0.000000,0.000000
5.430000,-0.999985,0.000000,0.000000,-0.727161,0.002133,-0.008519,0.000000,-0.000000,-0.000000,-0.000000,0.000000,0.000000
5.440000,-1.000189,0.000000,0.000000,-0.727159,0.002133,-0.008521,-0.544140,0.544140,0.000000,0.020420,0.000000,0.000000
5.450000,-1.000189,0.000000,0.000000,-0.727145,0.002134,-0.008521,-0.000000,0.000000,0.000000,0.000000,0.000000,0.000000
5.460000,-0.999985,0.000000,0.000000,-0.727127,0.002134,-0.008522,0.544140,-0.544140,-0.000000,-0.020420,0.000000,0.000000
5.470000,-0.999985,0.000000,0.000000,-0.727117,0.002135,-0.008529,0.000000,-0.000000,-0.000000,-0.000000,0.000000,0.000000
5.480000,-1.000189,0.000000,0.000000,-0.727107,0.002135,-0.008534,-0.544140,0.544140,0.000000,0.020420,0.000000,0.000000
5.490000,-1.000189,0.000000,0.000000,-0.727086,0.002136,-0.008538,-0.000000,0.000000,0.000000,0.000000,0.000000,0.000000
5.500000,-0.999985,0.000000,0.000000,-0.727061,0.002136,-0.008543,0.544140,-0.544140,-0.000000,-0.020420,0.000000,0.000000
5.510000,-0.999985,0.000000,0.000000,-0.727057,0.002135,-0.008591,0.000000,-0.000000,-0.000000,-0.000000,0.000000,0.000000
5.520000,-1.000189,0.000000,0.000000,-0.727058,0.002135,-0.008627,-0.544140,0.544140,0.000000,0.020420,0.000000,0.000000
5.530000,-1.000189,0.000000,0.000000,-0.727047,0.002137,-0.008634,-0.000000,0.000000,0.000000,0.000000,0.000000,0.000000
5.540000,-0.999985,0.000000,0.000000,-0.727034,0.002139,-0.008645,0.544140,-0.544140,-0.000000,-0.020420,0.000000,0.000000
5.550000,-0.999985,0.000000,0.000000,-0.727031,0.002139,-0.008680,0.000000,-0.000000,-0.000000,-0.000000,0.000000,0.000000
5.560000,-1.000189,0.000000,0.000000,-0.727029,0.002140,-0.008709,-0.544140,0.544140,0.000000,0.020420,0.000000,0.000000
5.570000,-1.000189,0.000000,0.000000,-0.727015,0.002142,-0.008713,-0.000000,0.000000,0.000000,0.000000,0.000000,0.000000
5.580000,-0.999985,0.000000,0.000000,-0.726999,0.002144,-0.008721,0.544140,-0.544140,-0.000000,-0.020420,0.000000,0.000000
5.590000,-0.999985,0.000000,0.000000,-0.726993,0.002144,-0.008755,0.000000,-0.000000,-0.000000,-0.000000,0.000000,0.000000
5.600000,-1.000189,0.000000,0.000000,-0.726988,0.002145,-0.008783,-0.544140,0.544140,0.000000,0.020420,0.000000,0.000000
5.610000,-1.000189,0.000000,0.000000,-0.726972,0.002147,-0.008784,-0.000000,0.000000,0.000000,0.000000,0.000000,0.000000
5.620000,-0.999985,0.000000,0.000000,-0.726953,0.002150,-0.008791,0.544140,-0.544140,-0.000000,-0.020420,0.000000,0.000000
5.630000,-0.999985,0.000000,0.000000,-0.726944,0.002150,-0.008824,0.000000,-0.000000,-0.000000,-0.000000,0.000000,0.000000
5.640000,-1.000189,0.000000,0.000000,-0.726937,0.002151,-0.008850,-0.544140,0.544140,0.000000,0.020420,0.000000,0.000000
5.650000,-1.000189,0.000000,0.000000,-0.726930,0.002152,-0.008843,-0.000000,0.000000,0.000000,0.000000,0.000000,0.000000
5.660000,-0.999985,0.000000,0.000000,-0.726922,0.002153,-0.008835,0.544140,-0.544140,-0.000000,-0.020420,0.000000,0.000000
5.670000,-0.999985,0.000000,0.000000,-0.726927,0.002155,-0.008831,0.000000,-0.000000,-0.000000,-0.000000,0.000000,0.000000
5.680000,-1.000189,0.000000,0.000000,-0.726935,0.002156,-0.008825,-0.544140,0.544140,0.000000,0.020420,0.000000,0.000000
5.690000,-1.000189,0.000000,0.000000,-0.726930,0.002157,-0.008816,-0.000000,0.000000,0.000000,0.000000,0.000000,0.000000
5.700000,-0.999985,0.000000,0.000000,-0.726921,0.002158,-0.008808,0.544140,-0.544140,-0.000000,-0.020420,0.000000,0.000000
5.710000,-0.999985,0.000000,0.000000,-0.726925,0.002160,-0.008803,0.000000,-0.000000,-0.000000,-0.000000,0.000000,0.000000
5.720000,-1.000189,0.000000,0.000000,-0.726932,0.002161,-0.008797,-0.544140,0.544140,0.000000,0.020420,0.000000,0.000000
5.730000,-1.000189,0.000000,0.000000,-0.726924,0.002162,-0.008787,-0.000000,0.000000,0.000000,0.000000,0.000000,0.000000
5.740000,-0.999985,0.000000,0.000000,-0.726914,0.002163,-0.008779,0.544140,-0.544140,-0.000000,-0.020420,0.000000,0.000000
5.750000,-0.999985,0.000000,0.000000,-0.726917,0.002164,-0.008774,0.000000,-0.000000,-0.000000,-0.000000,0.000000,0.000000
5.760000,-1.000189,0.000000,0.000000,-0.726922,0.002165,-0.008768,-0.544140,0.544140,0.000000,0.020420,0.000000,0.000000
5.770000,-1.000189,0.000000,0.000000,-0.726914,0.002166,-0.008758,-0.000000,0.000000,0.000000,0.000000,0.000000,0.000000
5.780000,-0.999985,0.000000,0.000000,-0.726902,0.002168,-0.008750,0.544140,-0.544140,-0.000000,-0.020420,0.000000,0.000000
5.790000,-0.999985,0.000000,0.000000,-0.726904,0.002169,-0.008745,0.000000,-0.000000,-0.000000,-0.000000,0.000000,0.000000
5.800000,-1.000189,0.000000,0.000000,-0.726909,0.002170,-0.008738,-0.544140,0.544140,0.000000,0.020420,0.000000,0.000000
5.810000,-1.000189,0.000000,0.000000,-0.726900,0.002171,-0.008728,-0.000000,0.000000,0.000000,0.000000,0.000000,0.000000
5.820000,-0.999985,0.000000,0.000000,-0.726888,0.002172,-0.008719,0.544140,-0.544140,-0.000000,-0.020420,0.000000,0.000000
5.830000,-0.999985,0.000000,0.000000,-0.726890,0.002173,-0.008714,0.000000,-0.000000,-0.000000,-0.000000,0.000000,0.000000
5.840000,-1.000189,0.000000,0.000000,-0.726894,0.002174,-0.008707,-0.544140,0.544140,0.000000,0.020420,0.000000,0.000000
5.850000,-1.000189,0.000000,0.000000,-0.726885,0.002175,-0.008696,-0.000000,0.000000,0.000000,0.000000,0.000000,0.000000
5.860000,-0.999985,0.000000,0.000000,-0.726873,0.002177,-0.008687,0.544140,-0.544140,-0.000000,-0.020420,0.000000,0.000000
5.870000,-0.999985,0.000000,0.000000,-0.726875,0.002178,-0.008682,0.000000,-0.000000,-0.000000,-0.000000,0.000000,0.000000
5.880000,-1.000189,0.000000,0.000000,-0.726879,0.002179,-0.008674,-0.544140,0.544140,0.000000,0.020420,0.000000,0.000000
5.890000,-1.000189,0.000000,0.000000,-0.726870,0.002180,-0.008664,-0.000000,0.000000,0.000000,0.000000,0.000000,0.000000
5.900000,-0.999985,0.000000,0.000000,-0.726858,0.002181,-0.008655,0.544140,-0.544140,-0.000000,-0.020420,0.000000,0.000000
5.910000,-0.999985,0.000000,0.000000,-0.726860,0.002182,-0.008649,0.000000,-0.000000,-0.000000,-0.000000,0.000000,0.000000
5.920000,-1.000189,0.000000,0.000000,-0.726864,0.002183,-0.008642,-0.544140,0.544140,0.000000,0.020420,0.000000,0.000000
5.930000,-1.000189,0.000000,0.000000,-0.726855,0.002184,-0.008631,-0.000000,0.000000,0.000000,0.000000,0.000000,0.000000
5.940000,-0.999985,0.000000,0.000000,-0.726843,0.002185,-0.008622,0.544140,-0.544140,-0.000000,-0.020420,0.000000,0.000000
5.950000,-0.999985,0.000000,0.000000,-0.726844,0.002187,-0.008616,0.000000,-0.000000,-0.000000,-0.000000,0.000000,0.000000
5.960000,-1.000189,0.000000,0.000000,-0.726849,0.002188,-0.008609,-0.544140,0.544140,0.000000,0.020420,0.000000,0.000000
5.970000,-1.000189,0.000000,0.000000,-0.726839,0.002189,-0.008598,-0.000000,0.000000,0.000000,0.000000,0.000000,0.000000
5.980000,-0.999985,0.000000,0.000000,-0.726827,0.002190,-0.008589,0.544140,-0.544140,-0.000000,-0.020420,0.000000,0.000000
5.990000,-0.999985,0.000000,0.000000,-0.726829,0.002191,-0.008583,0.000000,-0.000000,-0.000000,-0.000000,0.000000,0.000000
6.000000,-1.000189,0.000000,0.000000,-0.726833,0.002192,-0.008575,-0.544140,0.544140,0.000000,0.020420,0.000000,0.000000
6.010000,-1.000189,0.000000,0.000000,-0.726824,0.002193,-0.008565,-0.000000,0.000000,0.000000,0.000000,0.000000,0.000000
6.020000,-0.999985,0.000000,0.000000,-0.726812,0.002194,-0.008555,0.544140,-0.544140,-0.000000,-0.020420,0.000000,0.000000
6.030000,-0.999985,0.000000,0.000000,-0.726814,0.002196,-0.008549,0.000000,-0.000000,-0.000000,-0.000000,0.000000,0.000000
6.040000,-1.000189,0.000000,0.000000,-0.726818,0.002197,-0.008542,-0.544140,0.544140,0.000000,0.020420,0.000000,0.000000
6.050000,-1.000189,0.000000,0.000000,-0.726809,0.002198,-0.008531,-0.000000,0.000000,0.000000,0.000000,0.000000,0.000000
6.060000,-0.999985,0.000000,0.000000,-0.726797,0.002199,-0.008521,0.544140,-0.544140,-0.000000,-0.020420,0.000000,0.000000
6.070000,-0.999985,0.000000,0.000000,-0.726798,0.002200,-0.008515,0.000000,-0.000000,-0.000000,-0.000000,0.000000,0.000000
6.080000,-1.000189,0.000000,0.000000,-0.726803,0.002201,-0.008508,-0.544140,0.544140,0.000000,0.020420,0.000000,0.000000
6.090000,-1.000189,0.000000,0.000000,-0.726794,0.002202,-0.008497,-0.000000,0.000000,0.000000,0.000000,0.000000,0.000000
6.100000,-0.999985,0.000000,0.000000,-0.726782,0.002203,-0.008487,0.544140,-0.544140,-0.000000,-0.020420,0.000000,0.000000
6.110000,-0.999985,0.000000,0.000000,-0.726784,0.002205,-0.008481,0.000000,-0.000000,-0.000000,-0.000000,0.000000,0.000000
6.120000,-1.000189,0.000000,0.000000,-0.726788,0.002206,-0.008473,-0.544140,0.544140,0.000000,0.020420,0.000000,0.000000
6.130000,-1.000189,0.000000,0.000000,-0.726779,0.002207,-0.008462,-0.000000,0.000000,0.000000,0.000000,0.000000,0.000000
6.140000,-0.999985,0.000000,0.000000,-0.726767,0.002208,-0.008453,0.544140,-0.544140,-0.000000,-0.020420,0.000000,0.000000
6.150000,-0.999985,0.000000,0.000000,-0.726769,0.002209,-0.008446,0.000000,-0.000000,-0.000000,-0.000000,0.000000,0.000000
6.160000,-1.000189,0.000000,0.000000,-0.726774,0.002210,-0.008438,-0.544140,0.544140,0.000000,0.020420,0.000000,0.000000
6.170000,-1.000189,0.000000,0.000000,-0.726765,0.002211,-0.008427,-0.000000,0.000000,0.000000,0.000000,0.000000,0.000000
6.180000,-0.999985,0.000000,0.000000,-0.726753,0.002212,-0.008417,0.544140,-0.544140,-0.000000,-0.020420,0.000000,0.000000
6.190000,-0.999985,0.000000,0.000000,-0.726755,0.002214,-0.008411,0.000000,-0.000000,-0.000000,-0.000000,0.000000,0.000000
6.200000,-1.000189,0.000000,0.000000,-0.726760,0.002215,-0.008403,-0.544140,0.544140,0.000000,0.020420,0.000000,0.000000
6.210000,-1.000189,0.000000,0.000000,-0.726751,0.002216,-0.008392,-0.000000,0.000000,0.000000,0.000000,0.000000,0.000000
6.220000,-0.999985,0.000000,0.000000,-0.726739,0.002217,-0.008382,0.544140,-0.544140,-0.000000,-0.020420,0.000000,0.000000
6.230000,-0.999985,0.000000,0.000000,-0.726742,0.002218,-0.008375,0.000000,-0.000000,-0.000000,-0.000000,0.000000,0.000000
6.240000,-1.000189,0.000000,0.000000,-0.726746,0.002219,-0.008367,-0.544140,0.544140,0.000000,0.020420,0.000000,0.000000
6.250000,-1.000189,0.000000,0.000000,-0.726738,0.002220,-0.008355,-0.000000,0.000000,0.000000,0.000000,0.000000,0.000000
6.260000,-0.999985,0.000000,0.000000,-0.726726,0.002221,-0.008345,0.544140,-0.544140,-0.000000,-0.020420,0.000000,0.000000
6.270000,-0.999985,0.000000,0.000000,-0.726728,0.002223,-0.008339,0.000000,-0.000000,-0.000000,-0.000000,0.000000,0.000000
6.280000,-1.000189,0.000000,0.000000,-0.726733,0.002224,-0.008330,-0.544140,0.544140,0.000000,0.020420,0.000000,0.000000
6.290000,-1.000189,0.000000,0.000000,-0.726725,0.002225,-0.008319,-0.000000,0.000000,0.000000,0.000000,0.000000,0.000000
6.300000,-0.999985,0.000000,0.000000,-0.726713,0.002226,-0.008309,0.544140,-0.544140,-0.000000,-0.020420,0.000000,0.000000
6.310000,-0.999985,0.000000,0.000000,-0.726716,0.002227,-0.008302,0.000000,-0.000000,-0.000000,-0.000000,0.000000,0.000000
6.320000,-1.000189,0.000000,0.000000,-0.726721,0.002228,-0.008294,-0.544140,0.544140,0.000000,0.020420,0.000000,0.000000
6.330000,-1.000189,0.000000,0.000000,-0.726712,0.002229,-0.008282,-0.000000,0.000000,0.000000,0.000000,0.000000,0.000000
6.340000,-0.999985,0.000000,0.000000,-0.726701,0.002230,-0.008272,0.544140,-0.544140,-0.000000,-0.020420,0.000000,0.000000
6.350000,-0.999985,0.000000,0.000000,-0.726703,0.002231,-0.008265,0.000000,-0.000000,-0.000000,-0.000000,0.000000,0.000000
6.360000,-1.000189,0.000000,0.000000,-0.726709,0.002233,-0.008256,-0.544140,0.544140,0.000000,0.020420,0.000000,0.000000
6.370000,-1.000189,0.000000,0.000000,-0.726700,0.002234,-0.008245,-0.000000,0.000000,0.000000,0.000000,0.000000,0.000000
6.380000,-0.999985,0.000000,0.000000,-0.726689,0.002235,-0.008234,0.544140,-0.544140,-0.000000,-0.020420,0.000000,0.000000
6.390000,-0.999985,0.000000,0.000000,-0.726692,0.002236,-0.008227,0.000000,-0.000000,-0.000000,-0.000000,0.000000,0.000000
6.400000,-1.000189,0.000000,0.000000,-0.726697,0.002237,-0.008219,-0.544140,0.544140,0.000000,0.020420,0.000000,0.000000
6.410000,-1.000189,0.000000,0.000000,-0.726689,0.002238,-0.008207,-0.000000,0.000000,0.000000,0.000000,0.000000,0.000000
6.420000,-0.999985,0.000000,0.000000,-0.726678,0.002239,-0.008196,0.544140,-0.544140,-0.000000,-0.020420,0.000000,0.000000
6.430000,-0.999985,0.000000,0.000000,-0.726680,0.002240,-0.008189,0.000000,-0.000000,-0.000000,-0.000000,0.000000,0.000000
6.440000,-1.000189,0.000000,0.000000,-0.726686,0.002242,-0.008180,-0.544140,0.544140,0.000000,0.020420,0.000000,0.000000
6.450000,-1.000189,0.000000,0.000000,-0.726677,0.002243,-0.008168,-0.000000,0.000000,0.000000,0.000000,0.000000,0.000000
6.460000,-0.999985,0.000000,0.000000,-0.726666,0.002244,-0.008158,0.544140,-0.544140,-0.000000,-0.020420,0.000000,0.000000
6.470000,-0.999985,0.000000,0.000000,-0.726669,0.002245,-0.008151,0.000000,-0.000000,-0.000000,-0.000000,0.000000,0.000000
6.480000,-1.000189,0.000000,0.000000,-0.726675,0.002246,-0.008142,-0.544140,0.544140,0.000000,0.020420,0.000000,0.000000
6.490000,-1.000189,0.000000,0.000000,-0.726667,0.002247,-0.008130,-0.000000,0.000000,0.000000,0.000000,0.000000,0.000000
6.500000,-0.999985,0.000000,0.000000,-0.726656,0.002248,-0.008119,0.544140,-0.544140,-0.000000,-0.020420,0.000000,0.000000
6.510000,-0.999985,0.000000,0.000000,-0.726659,0.002249,-0.008112,0.000000,-0.000000,-0.000000,-0.000000,0.000000,0.000000
6.520000,-1.000189,0.000000,0.000000,-0.726664,0.002250,-0.008103,-0.544140,0.544140,0.000000,0.020420,0.000000,0.000000
6.530000,-1.000189,0.000000,0.000000,-0.726656,0.002251,-0.008091,-0.000000,0.000000,0.000000,0.000000,0.000000,0.000000
6.540000,-0.999985,0.000000,0.000000,-0.726646,0.002252,-0.008080,0.544140,-0.544140,-0.000000,-0.020420,0.000000,0.000000
6.550000,-0.999985,0.000000,0.000000,-0.726649,0.002254,-0.008073,0.000000,-0.000000,-0.000000,-0.000000,0.000000,0.000000
6.560000,-1.000189,0.000000,0.000000,-0.726654,0.002255,-0.008064,-0.544140,0.544140,0.000000,0.020420,0.000000,0.000000
6.570000,-1.000189,0.000000,0.000000,-0.726647,0.002256,-0.008051,-0.000000,0.000000,0.000000,0.000000,0.000000,0.000000
6.580000,-0.999985,0.000000,0.000000,-0.726636,0.002257,-0.008041,0.544140,-0.544140,-0.000000,-0.020420,0.000000,0.000000
6.590000,-0.999985,0.000000,0.000000,-0.726639,0.002258,-0.008033,0.000000,-0.000000,-0.000000,-0.000000,0.000000,0.000000
6.600000,-1.000189,0.000000,0.000000,-0.726645,0.002259,-0.008024,-0.544140,0.544140,0.000000,0.020420,0.000000,0.000000
6.610000,-1.000189,0.000000,0.000000,-0.726637,0.002260,-0.008012,-0.000000,0.000000,0.000000,0.000000,0.000000,0.000000
6.620000,-0.999985,0.000000,0.000000,-0.726627,0.002261,-0.008001,0.544140,-0.544140,-0.000000,-0.020420,0.000000,0.000000
6.630000,-0.999985,0.000000,0.000000,-0.726630,0.002263,-0.007993,0.000000,-0.000000,-0.000000,-0.000000,0.000000,0.000000
6.640000,-1.000189,0.000000,0.000000,-0.726636,0.002264,-0.007984,-0.544140,0.544140,0.000000,0.020420,0.000000,0.000000
6.650000,-1.000189,0.000000,0.000000,-0.726628,0.002265,-0.007972,-0.000000,0.000000,0.000000,0.000000,0.000000,0.000000
6.660000,-0.999985,0.000000,0.000000,-0.726618,0.002266,-0.007961,0.544140,-0.544140,-0.000000,-0.020420,0.000000,0.000000
6.670000,-0.999985,0.000000,0.000000,-0.726621,0.002267,-0.007953,0.000000,-0.000000,-0.000000,-0.000000,0.000000,0.000000
6.680000,-1.000189,0.000000,0.000000,-0.726627,0.002268,-0.007944,-0.544140,0.544140,0.000000,0.020420,0.000000,0.000000
6.690000,-1.000189,0.000000,0.000000,-0.726620,0.002269,-0.007931,-0.000000,0.000000,0.000000,0.000000,0.000000,0.000000
6.700000,-0.999985,0.000000,0.000000,-0.726609,0.002270,-0.007920,0.544140,-0.544140,-0.000000,-0.020420,0.000000,0.000000
6.710000,-0.999985,0.000000,0.000000,-0.726613,0.002271,-0.007912,0.000000,-0.000000,-0.000000,-0.000000,0.000000,0.000000
6.720000,-1.000189,0.000000,0.000000,-0.726619,0.002273,-0.007903,-0.544140,0.544140,0.000000,0.020420,0.000000,0.000000
6.730000,-1.000189,0.000000,0.000000,-0.726612,0.002274,-0.007890,-0.000000,0.000000,0.000000,0.000000,0.000000,0.000000
6.740000,-0.999985,0.000000,0.000000,-0.726601,0.002275,-0.007879,0.544140,-0.544140,-0.000000,-0.020420,0.000000,0.000000
6.750000,-0.999985,0.000000,0.000000,-0.726605,0.002276,-0.007871,0.000000,-0.000000,-0.000000,-0.000000,0.000000,0.000000
6.760000,-1.000189,0.000000,0.000000,-0.726611,0.002277,-0.007862,-0.544140,0.544140,0.000000,0.020420,0.000000,0.000000
6.770000,-1.000189,0.000000,0.000000,-0.726604,0.002278,-0.007849,-0.000000,0.000000,0.000000,0.000000,0.000000,0.000000
6.780000,-0.999985,0.000000,0.000000,-0.726594,0.002279,-0.007838,0.544140,-0.544140,-0.000000,-0.020420,0.000000,0.000000
