t,targetX,targetY,targetTheta,posX,posY,posTheta
0.010000,0.000000,0.000000,0.000000,0.000000,0.000000,0.000000
0.020000,0.002000,0.000000,0.010000,0.000000,-0.000002,-0.000016
0.030000,0.004000,0.000000,0.020000,-0.000001,-0.000003,-0.000022
0.040000,0.006000,0.000000,0.030000,-0.000002,-0.000004,-0.000027
0.050000,0.008000,0.000000,0.040000,-0.000004,-0.000004,-0.000032
0.060000,0.010000,0.000000,0.050000,-0.000005,-0.000005,-0.000037
0.070000,0.012000,0.000000,0.060000,-0.000007,-0.000006,-0.000042
0.080000,0.014000,0.000000,0.070000,-0.000009,-0.000007,-0.000047
0.090000,0.016000,0.000000,0.080000,-0.000011,-0.000007,-0.000052
0.100000,0.018000,0.000000,0.090000,-0.000013,-0.000008,-0.000057
0.110000,0.020000,0.000000,0.100000,-0.000014,-0.000009,-0.000062
0.120000,0.022000,0.000000,0.110000,-0.000008,-0.000018,0.001376
0.130000,0.024000,0.000000,0.120000,0.000017,-0.000025,0.004341
0.140000,0.026000,0.000000,0.130000,0.000046,-0.000029,0.008452
0.150000,0.028000,0.000000,0.140000,0.000089,-0.000033,0.013341
0.160000,0.030000,0.000000,0.150000,0.000152,-0.000030,0.019053
0.170000,0.032000,0.000000,0.160000,0.000235,-0.000027,0.025925
0.180000,0.034000,0.000000,0.170000,0.000335,-0.000024,0.033659
0.190000,0.036000,0.000000,0.180000,0.000450,-0.000019,0.042156
0.200000,0.038000,0.000000,0.190000,0.000581,-0.000014,0.051348
0.210000,0.040000,0.000000,0.200000,0.000723,-0.000014,0.061153
0.220000,0.042000,0.000000,0.210000,0.000874,-0.000016,0.071527
0.230000,0.044000,0.000000,0.220000,0.001037,-0.000020,0.082404
0.240000,0.046000,0.000000,0.230000,0.001217,-0.000028,0.093715
0.250000,0.048000,0.000000,0.240000,0.001414,-0.000041,0.105424
0.260000,0.050000,0.000000,0.250000,0.001628,-0.000057,0.117482
0.270000,0.052000,0.000000,0.260000,0.001853,-0.000073,0.129740
0.280000,0.054000,0.000000,0.270000,0.002082,-0.000085,0.142211
0.290000,0.056000,0.000000,0.280000,0.002306,-0.000079,0.155023
0.300000,0.058000,0.000000,0.290000,0.002543,-0.000067,0.168124
0.310000,0.060000,0.000000,0.300000,0.002828,-0.000078,0.181300
0.320000,0.062000,0.000000,0.310000,0.003168,-0.000095,0.194695
0.330000,0.064000,0.000000,0.320000,0.003567,-0.000089,0.208339
0.340000,0.066000,0.000000,0.330000,0.003902,-0.000103,0.222796
0.350000,0.068000,0.000000,0.340000,0.004252,-0.000114,0.236938
0.360000,0.070000,0.000000,0.350000,0.004660,-0.000148,0.250894
0.370000,0.072000,0.000000,0.360000,0.005054,-0.000150,0.264992
0.380000,0.074000,0.000000,0.370000,0.005464,-0.000194,0.279799
0.390000,0.076000,0.000000,0.380000,0.005942,-0.000240,0.294589
0.400000,0.078000,0.000000,0.390000,0.006445,-0.000280,0.309485
0.410000,0.080000,0.000000,0.400000,0.006882,-0.000260,0.322671
0.420000,0.082000,0.000000,0.410000,0.007303,-0.000232,0.334622
0.430000,0.084000,0.000000,0.420000,0.007714,-0.000239,0.345394
0.440000,0.086000,0.000000,0.430000,0.008077,-0.000237,0.355129
0.450000,0.088000,0.000000,0.440000,0.008378,-0.000192,0.363726
0.460000,0.090000,0.000000,0.450000,0.008657,-0.000144,0.371459
0.470000,0.092000,0.000000,0.460000,0.008912,-0.000106,0.378419
0.480000,0.094000,0.000000,0.470000,0.009154,-0.000069,0.384665
0.490000,0.096000,0.000000,0.480000,0.009373,-0.000042,0.390489
0.500000,0.098000,0.000000,0.490000,0.009585,-0.000036,0.395704
0.510000,0.100000,0.000000,0.500000,0.009767,-0.000007,0.400355
0.520000,0.102000,0.000000,0.510000,0.009991,0.000024,0.405789
0.530000,0.104000,0.000000,0.520000,0.010287,0.000036,0.412189
0.540000,0.106000,0.000000,0.530000,0.010607,0.000081,0.419538
0.550000,0.108000,0.000000,0.540000,0.010973,0.000091,0.427723
0.560000,0.110000,0.000000,0.550000,0.011448,0.000082,0.436620
0.570000,0.112000,0.000000,0.560000,0.011956,0.000089,0.446135
0.580000,0.114000,0.000000,0.570000,0.012488,0.000115,0.454960
0.590000,0.116000,0.000000,0.580000,0.013023,0.000153,0.462851
0.600000,0.118000,0.000000,0.590000,0.013621,0.000201,0.470085
0.610000,0.120000,0.000000,0.600000,0.014238,0.000260,0.476605
0.620000,0.122000,0.000000,0.610000,0.014909,0.000322,0.482690
0.630000,0.124000,0.000000,0.620000,0.015619,0.000405,0.488148
0.640000,0.126000,0.000000,0.630000,0.016370,0.000470,0.493320
0.650000,0.128000,0.000000,0.640000,0.017145,0.000531,0.498083
0.660000,0.130000,0.000000,0.650000,0.017941,0.000593,0.502464
0.670000,0.132000,0.000000,0.660000,0.018778,0.000672,0.506517
0.680000,0.134000,0.000000,0.670000,0.019659,0.000716,0.509665
0.690000,0.136000,0.000000,0.680000,0.020549,0.000820,0.513130
0.700000,0.138000,0.000000,0.690000,0.021435,0.000952,0.516305
0.710000,0.140000,0.000000,0.700000,0.022353,0.001086,0.519394
0.720000,0.142000,0.000000,0.710000,0.023292,0.001216,0.522306
0.730000,0.144000,0.000000,0.720000,0.024252,0.001352,0.525059
0.740000,0.146000,0.000000,0.730000,0.025232,0.001500,0.527674
0.750000,0.148000,0.000000,0.740000,0.026210,0.001632,0.530299
0.760000,0.150000,0.000000,0.750000,0.027218,0.001744,0.532956
0.770000,0.152000,0.000000,0.760000,0.028243,0.001839,0.535523
0.780000,0.154000,0.000000,0.770000,0.029288,0.001942,0.538055
0.790000,0.156000,0.000000,0.780000,0.030352,0.002061,0.540559
0.800000,0.158000,0.000000,0.790000,0.031433,0.002200,0.543034
0.810000,0.160000,0.000000,0.800000,0.032531,0.002359,0.545504
0.820000,0.162000,0.000000,0.810000,0.033601,0.002344,0.548492
0.830000,0.164000,0.000000,0.820000,0.034723,0.002443,0.550857
0.840000,0.166000,0.000000,0.830000,0.035869,0.002591,0.553413
0.850000,0.168000,0.000000,0.840000,0.037018,0.002741,0.555883
0.860000,0.170000,0.000000,0.850000,0.038180,0.002898,0.558346
0.870000,0.172000,0.000000,0.860000,0.039356,0.003037,0.560684
0.880000,0.174000,0.000000,0.870000,0.040544,0.003182,0.563110
0.890000,0.176000,0.000000,0.880000,0.041743,0.003319,0.565650
0.900000,0.178000,0.000000,0.890000,0.042961,0.003473,0.568304
0.910000,0.180000,0.000000,0.900000,0.044185,0.003633,0.571058
0.920000,0.182000,0.000000,0.910000,0.045427,0.003774,0.573726
0.930000,0.184000,0.000000,0.920000,0.046677,0.003914,0.576541
0.940000,0.186000,0.000000,0.930000,0.047886,0.003904,0.579848
0.950000,0.188000,0.000000,0.940000,0.049182,0.004018,0.582506
0.960000,0.190000,0.000000,0.950000,0.050466,0.004150,0.585378
0.970000,0.192000,0.000000,0.960000,0.051768,0.004281,0.588435
0.980000,0.194000,0.000000,0.970000,0.053086,0.004421,0.591713
0.990000,0.196000,0.000000,0.980000,0.054392,0.004580,0.594829
1.000000,0.198000,0.000000,0.990000,0.055705,0.004768,0.598056
1.010000,0.200000,0.000000,1.000000,0.057039,0.004940,0.601146
1.020000,0.202000,0.000000,1.010000,0.058384,0.005092,0.604402
1.030000,0.204000,0.000000,1.020000,0.059727,0.005219,0.607886
1.040000,0.206000,0.000000,1.030000,0.061088,0.005363,0.611449
1.050000,0.208000,0.000000,1.040000,0.062457,0.005588,0.614848
1.060000,0.210000,0.000000,1.050000,0.063834,0.005806,0.618252
1.070000,0.212000,0.000000,1.060000,0.065217,0.005976,0.621902
1.080000,0.214000,0.000000,1.070000,0.066581,0.006119,0.625814
1.090000,0.216000,0.000000,1.080000,0.067969,0.006278,0.629877
1.100000,0.218000,0.000000,1.090000,0.069355,0.006485,0.633832
1.110000,0.220000,0.000000,1.100000,0.070743,0.006697,0.637838
1.120000,0.222000,0.000000,1.110000,0.072139,0.006877,0.641921
1.130000,0.224000,0.000000,1.120000,0.073543,0.007041,0.646249
1.140000,0.226000,0.000000,1.130000,0.074956,0.007262,0.650337
1.150000,0.228000,0.000000,1.140000,0.076370,0.007477,0.654352
1.160000,0.230000,0.000000,1.150000,0.077793,0.007673,0.658297
1.170000,0.232000,0.000000,1.160000,0.079223,0.007856,0.662321
1.180000,0.234000,0.000000,1.170000,0.080573,0.008125,0.666376
1.190000,0.236000,0.000000,1.180000,0.081975,0.008358,0.670637
1.200000,0.238000,0.000000,1.190000,0.083403,0.008552,0.675225
1.210000,0.240000,0.000000,1.200000,0.084817,0.008746,0.679867
1.220000,0.242000,0.000000,1.210000,0.086251,0.008984,0.684219
1.230000,0.244000,0.000000,1.220000,0.087711,0.009248,0.688754
1.240000,0.246000,0.000000,1.230000,0.089173,0.009466,0.693498
1.250000,0.248000,0.000000,1.240000,0.090623,0.009668,0.698268
1.260000,0.250000,0.000000,1.250000,0.092083,0.009875,0.702973
1.270000,0.252000,0.000000,1.260000,0.093538,0.010082,0.707848
1.280000,0.254000,0.000000,1.270000,0.094994,0.010279,0.712814
1.290000,0.256000,0.000000,1.280000,0.096369,0.010651,0.717570
1.300000,0.258000,0.000000,1.290000,0.097758,0.010921,0.722183
1.310000,0.260000,0.000000,1.300000,0.099179,0.011191,0.727236
1.320000,0.262000,0.000000,1.310000,0.100608,0.011457,0.732573
1.330000,0.264000,0.000000,1.320000,0.102020,0.011733,0.737661
1.340000,0.266000,0.000000,1.330000,0.103424,0.011981,0.742668
1.350000,0.268000,0.000000,1.340000,0.104821,0.012211,0.747809
1.360000,0.270000,0.000000,1.350000,0.106241,0.012503,0.752618
1.370000,0.272000,0.000000,1.360000,0.107684,0.012841,0.757485
1.380000,0.274000,0.000000,1.370000,0.109128,0.013194,0.762345
1.390000,0.276000,0.000000,1.380000,0.110573,0.013479,0.767565
1.400000,0.278000,0.000000,1.390000,0.112042,0.013760,0.772918
1.410000,0.280000,0.000000,1.400000,0.113456,0.014040,0.778537
1.420000,0.282000,0.000000,1.410000,0.114842,0.014372,0.783486
1.430000,0.284000,0.000000,1.420000,0.116232,0.014683,0.788572
1.440000,0.286000,0.000000,1.430000,0.117616,0.014991,0.793792
1.450000,0.288000,0.000000,1.440000,0.118992,0.015296,0.799108
1.460000,0.290000,0.000000,1.450000,0.120352,0.015602,0.804414
1.470000,0.292000,0.000000,1.460000,0.121728,0.015945,0.809404
1.480000,0.294000,0.000000,1.470000,0.123088,0.016217,0.814900
1.490000,0.296000,0.000000,1.480000,0.124493,0.016548,0.820363
1.500000,0.298000,0.000000,1.490000,0.125897,0.016881,0.825913
1.510000,0.300000,0.000000,1.500000,0.127267,0.017193,0.831516
1.520000,0.302000,0.000000,1.510000,0.128646,0.017469,0.836872
1.530000,0.304000,0.000000,1.520000,0.130007,0.017694,0.842457
1.540000,0.306000,0.000000,1.530000,0.131319,0.017955,0.847920
1.550000,0.308000,0.000000,1.540000,0.132636,0.018261,0.853352
1.560000,0.310000,0.000000,1.550000,0.133967,0.018655,0.858867
1.570000,0.312000,0.000000,1.560000,0.135283,0.018912,0.862765
1.580000,0.314000,0.000000,1.570000,0.136549,0.019165,0.868797
1.590000,0.316000,0.000000,1.580000,0.137834,0.019405,0.874495
1.600000,0.318000,0.000000,1.590000,0.139161,0.019730,0.880239
1.610000,0.320000,0.000000,1.600000,0.140457,0.020019,0.886027
1.620000,0.322000,0.000000,1.610000,0.141751,0.020178,0.890973
1.630000,0.324000,0.000000,1.620000,0.143052,0.020373,0.897047
1.640000,0.326000,0.000000,1.630000,0.144330,0.020558,0.903084
1.650000,0.328000,0.000000,1.640000,0.145617,0.020829,0.909430
1.660000,0.330000,0.000000,1.650000,0.146886,0.021081,0.915221
1.670000,0.332000,0.000000,1.660000,0.148135,0.021295,0.921161
1.680000,0.334000,0.000000,1.670000,0.149379,0.021439,0.926464
1.690000,0.336000,0.000000,1.680000,0.150631,0.021606,0.932692
1.700000,0.338000,0.000000,1.690000,0.151924,0.021899,0.937827
1.710000,0.340000,0.000000,1.700000,0.153175,0.022109,0.943820
1.720000,0.342000,0.000000,1.710000,0.154391,0.022210,0.949375
1.730000,0.344000,0.000000,1.720000,0.155636,0.022331,0.955857
1.740000,0.346000,0.000000,1.730000,0.156859,0.022425,0.962304
1.750000,0.348000,0.000000,1.740000,0.158094,0.022561,0.969026
1.760000,0.350000,0.000000,1.750000,0.159332,0.022659,0.975370
1.770000,0.352000,0.000000,1.760000,0.160591,0.022747,0.982202
1.780000,0.354000,0.000000,1.770000,0.161845,0.022830,0.989146
1.790000,0.356000,0.000000,1.780000,0.163084,0.022908,0.996779
1.800000,0.358000,0.000000,1.790000,0.164351,0.022980,1.003930
1.810000,0.360000,0.000000,1.800000,0.165604,0.022973,1.011489
1.820000,0.362000,0.000000,1.810000,0.166833,0.022924,1.019279
1.830000,0.364000,0.000000,1.820000,0.168076,0.022848,1.026876
1.840000,0.366000,0.000000,1.830000,0.169304,0.022812,1.034976
1.850000,0.368000,0.000000,1.840000,0.170540,0.022785,1.043056
1.860000,0.370000,0.000000,1.850000,0.171761,0.022708,1.051050
1.870000,0.372000,0.000000,1.860000,0.172983,0.022639,1.059309
1.880000,0.374000,0.000000,1.870000,0.174210,0.022524,1.067265
1.890000,0.376000,0.000000,1.880000,0.175454,0.022485,1.075611
1.900000,0.378000,0.000000,1.890000,0.176703,0.022426,1.084043
1.910000,0.380000,0.000000,1.900000,0.177996,0.022350,1.091953
1.920000,0.382000,0.000000,1.910000,0.179288,0.022244,1.099752
1.930000,0.384000,0.000000,1.920000,0.180599,0.022177,1.107618
1.940000,0.386000,0.000000,1.930000,0.181911,0.022118,1.115739
1.950000,0.388000,0.000000,1.940000,0.183235,0.022039,1.123820
1.960000,0.390000,0.000000,1.950000,0.184582,0.021911,1.131529
1.970000,0.392000,0.000000,1.960000,0.185925,0.021814,1.139479
1.980000,0.394000,0.000000,1.970000,0.187261,0.021712,1.147335
1.990000,0.396000,0.000000,1.980000,0.188614,0.021539,1.153633
2.000000,0.398000,0.000000,1.990000,0.189826,0.021505,1.160366
2.010000,0.400000,0.000000,2.000000,0.191130,0.021276,1.167797
2.020000,0.402000,0.000000,2.010000,0.192570,0.021132,1.176688
2.030000,0.404000,0.000000,2.020000,0.194037,0.020932,1.184736
2.040000,0.406000,0.000000,2.030000,0.195509,0.020706,1.192878
2.050000,0.408000,0.000000,2.040000,0.196967,0.020503,1.201233
2.060000,0.410000,0.000000,2.050000,0.198442,0.020292,1.209403
2.070000,0.412000,0.000000,2.060000,0.199935,0.020025,1.217479
2.080000,0.414000,0.000000,2.070000,0.201428,0.019705,1.224067
2.090000,0.416000,0.000000,2.080000,0.202955,0.019477,1.233391
2.100000,0.418000,0.000000,2.090000,0.204513,0.019394,1.242644
2.110000,0.420000,0.000000,2.100000,0.206122,0.019263,1.252028
2.120000,0.422000,0.000000,2.110000,0.207706,0.019048,1.260145
2.130000,0.424000,0.000000,2.120000,0.209288,0.018854,1.268337
2.140000,0.426000,0.000000,2.130000,0.210927,0.018752,1.277584
2.150000,0.428000,0.000000,2.140000,0.212558,0.018583,1.285719
2.160000,0.430000,0.000000,2.150000,0.214196,0.018328,1.293837
2.170000,0.432000,0.000000,2.160000,0.215848,0.018113,1.302391
2.180000,0.434000,0.000000,2.170000,0.217511,0.017884,1.310704
2.190000,0.436000,0.000000,2.180000,0.219211,0.017590,1.319093
2.200000,0.438000,0.000000,2.190000,0.220921,0.017291,1.327583
2.210000,0.440000,0.000000,2.200000,0.222642,0.017079,1.335725
2.220000,0.442000,0.000000,2.210000,0.224380,0.016839,1.343832
2.230000,0.444000,0.000000,2.220000,0.226136,0.016555,1.351994
2.240000,0.446000,0.000000,2.230000,0.227820,0.016399,1.359907
2.250000,0.448000,0.000000,2.240000,0.229647,0.016218,1.368717
2.260000,0.450000,0.000000,2.250000,0.231498,0.015977,1.377382
2.270000,0.452000,0.000000,2.260000,0.233362,0.015728,1.386090
2.280000,0.454000,0.000000,2.270000,0.235248,0.015418,1.394536
2.290000,0.456000,0.000000,2.280000,0.237157,0.015234,1.403327
2.300000,0.458000,0.000000,2.290000,0.239080,0.015039,1.411918
2.310000,0.460000,0.000000,2.300000,0.241006,0.014825,1.420579
2.320000,0.462000,0.000000,2.310000,0.242952,0.014697,1.429052
2.330000,0.464000,0.000000,2.320000,0.244940,0.014519,1.437808
2.340000,0.466000,0.000000,2.330000,0.246933,0.014272,1.446539
2.350000,0.468000,0.000000,2.340000,0.248949,0.014059,1.455320
2.360000,0.470000,0.000000,2.350000,0.250973,0.013971,1.464244
2.370000,0.472000,0.000000,2.360000,0.253018,0.013845,1.473109
2.380000,0.474000,0.000000,2.370000,0.255084,0.013733,1.481925
2.390000,0.476000,0.000000,2.380000,0.257168,0.013553,1.490487
2.400000,0.478000,0.000000,2.390000,0.259250,0.013470,1.499873
2.410000,0.480000,0.000000,2.400000,0.261359,0.013354,1.509255
2.420000,0.482000,0.000000,2.410000,0.263480,0.013230,1.518588
2.430000,0.484000,0.000000,2.420000,0.265598,0.013206,1.527905
2.440000,0.486000,0.000000,2.430000,0.267735,0.013144,1.537228
2.450000,0.488000,0.000000,2.440000,0.269885,0.013071,1.546527
2.460000,0.490000,0.000000,2.450000,0.272046,0.012947,1.555706
2.470000,0.492000,0.000000,2.460000,0.274204,0.012976,1.564888
2.480000,0.494000,0.000000,2.470000,0.276377,0.013028,1.574219
2.490000,0.496000,0.000000,2.480000,0.278574,0.013116,1.583525
2.500000,0.498000,0.000000,2.490000,0.280574,0.012978,1.592467
2.510000,0.500000,0.000000,2.500000,0.282713,0.013040,1.601655
2.520000,0.502000,0.000000,2.510000,0.284865,0.013073,1.610306
2.530000,0.504000,0.000000,2.520000,0.287036,0.013101,1.618832
2.540000,0.506000,0.000000,2.530000,0.289212,0.013262,1.627292
2.550000,0.508000,0.000000,2.540000,0.291385,0.013393,1.635907
2.560000,0.510000,0.000000,2.550000,0.293554,0.013513,1.644524
2.570000,0.512000,0.000000,2.560000,0.295709,0.013561,1.653099
2.580000,0.514000,0.000000,2.570000,0.297865,0.013743,1.661525
2.590000,0.516000,0.000000,2.580000,0.300017,0.013920,1.670145
2.600000,0.518000,0.000000,2.590000,0.302136,0.014084,1.678912
2.610000,0.520000,0.000000,2.600000,0.304252,0.014363,1.687843
2.620000,0.522000,0.000000,2.610000,0.306375,0.014620,1.696824
2.630000,0.524000,0.000000,2.620000,0.308484,0.014834,1.705570
2.640000,0.526000,0.000000,2.630000,0.310607,0.014990,1.714622
2.650000,0.528000,0.000000,2.640000,0.312681,0.015283,1.723200
2.660000,0.530000,0.000000,2.650000,0.314736,0.015552,1.731803
2.670000,0.532000,0.000000,2.660000,0.316782,0.015778,1.740348
2.680000,0.534000,0.000000,2.670000,0.318810,0.016108,1.748591
2.690000,0.536000,0.000000,2.680000,0.320841,0.016449,1.757233
2.700000,0.538000,0.000000,2.690000,0.322718,0.016476,1.764796
2.710000,0.540000,0.000000,2.700000,0.324696,0.016604,1.773327
2.720000,0.542000,0.000000,2.710000,0.326652,0.016922,1.781664
2.730000,0.544000,0.000000,2.720000,0.328604,0.017197,1.790041
2.740000,0.546000,0.000000,2.730000,0.330536,0.017455,1.798520
2.750000,0.548000,0.000000,2.740000,0.332444,0.017807,1.806464
2.760000,0.550000,0.000000,2.750000,0.334359,0.018117,1.814819
2.770000,0.552000,0.000000,2.760000,0.336241,0.018415,1.823343
2.780000,0.554000,0.000000,2.770000,0.338139,0.018626,1.831962
2.790000,0.556000,0.000000,2.780000,0.340000,0.018977,1.840367
2.800000,0.558000,0.000000,2.790000,0.341848,0.019296,1.849085
2.810000,0.560000,0.000000,2.800000,0.343664,0.019574,1.857683
2.820000,0.562000,0.000000,2.810000,0.345440,0.019952,1.865913
2.830000,0.564000,0.000000,2.820000,0.347229,0.020311,1.874780
2.840000,0.566000,0.000000,2.830000,0.348977,0.020626,1.883571
2.850000,0.568000,0.000000,2.840000,0.350719,0.020837,1.892501
2.860000,0.570000,0.000000,2.850000,0.352417,0.021127,1.900608
2.870000,0.572000,0.000000,2.860000,0.354107,0.021396,1.909211
2.880000,0.574000,0.000000,2.870000,0.355798,0.021628,1.917795
2.890000,0.576000,0.000000,2.880000,0.357443,0.021962,1.926339
2.900000,0.578000,0.000000,2.890000,0.359087,0.022281,1.935372
2.910000,0.580000,0.000000,2.900000,0.360728,0.022593,1.943989
2.920000,0.582000,0.000000,2.910000,0.362380,0.022793,1.953184
2.930000,0.584000,0.000000,2.920000,0.363968,0.023067,1.961691
2.940000,0.586000,0.000000,2.930000,0.365580,0.023307,1.970725
2.950000,0.588000,0.000000,2.940000,0.367167,0.023538,1.980087
2.960000,0.590000,0.000000,2.950000,0.368693,0.023819,1.989140
2.970000,0.592000,0.000000,2.960000,0.370220,0.024045,1.998744
2.980000,0.594000,0.000000,2.970000,0.371743,0.024233,2.008339
2.990000,0.596000,0.000000,2.980000,0.373307,0.024348,2.018040
3.000000,0.598000,0.000000,2.990000,0.374840,0.024526,2.026734
3.010000,0.600000,0.000000,3.000000,0.376403,0.024666,2.035487
3.020000,0.602000,0.000000,3.010000,0.377933,0.024763,2.043606
3.030000,0.604000,0.000000,3.020000,0.379433,0.024898,2.052215
3.040000,0.606000,0.000000,3.030000,0.380937,0.025002,2.061101
3.050000,0.608000,0.000000,3.040000,0.382408,0.025115,2.069657
3.060000,0.610000,0.000000,3.050000,0.383874,0.025116,2.079591
3.070000,0.612000,0.000000,3.060000,0.385303,0.025193,2.088694
3.080000,0.614000,0.000000,3.070000,0.386774,0.025241,2.098380
3.090000,0.616000,0.000000,3.080000,0.388269,0.025253,2.107937
3.100000,0.618000,0.000000,3.090000,0.389822,0.025193,2.117698
3.110000,0.620000,0.000000,3.100000,0.391327,0.025195,2.127004
3.120000,0.622000,0.000000,3.110000,0.392838,0.025157,2.136543
3.130000,0.624000,0.000000,3.120000,0.394358,0.025095,2.146116
3.140000,0.626000,0.000000,3.130000,0.395800,0.025050,2.155765
3.150000,0.628000,0.000000,3.140000,0.397266,0.024964,2.165684
3.160000,0.630000,0.000000,3.150000,0.398801,0.024822,2.175575
3.170000,0.632000,0.000000,3.160000,0.400359,0.024658,2.185387
3.180000,0.634000,0.000000,3.170000,0.401897,0.024523,2.195071
3.190000,0.636000,0.000000,3.180000,0.403456,0.024340,2.205016
3.200000,0.638000,0.000000,3.190000,0.405030,0.024123,2.215069
3.210000,0.640000,0.000000,3.200000,0.406650,0.023870,2.224464
3.220000,0.642000,0.000000,3.210000,0.408169,0.023527,2.237354
3.230000,0.644000,0.000000,3.220000,0.409763,0.023213,2.246613
3.240000,0.646000,0.000000,3.230000,0.411385,0.022853,2.255740
3.250000,0.648000,0.000000,3.240000,0.413094,0.022447,2.264552
3.260000,0.650000,0.000000,3.250000,0.414793,0.022133,2.273244
3.270000,0.652000,0.000000,3.260000,0.416537,0.021796,2.282315
3.280000,0.654000,0.000000,3.270000,0.418338,0.021437,2.291410
3.290000,0.656000,0.000000,3.280000,0.420174,0.021011,2.300505
3.300000,0.658000,0.000000,3.290000,0.421966,0.020617,2.309743
3.310000,0.660000,0.000000,3.300000,0.423789,0.020212,2.318999
3.320000,0.662000,0.000000,3.310000,0.425630,0.019799,2.328548
3.330000,0.664000,0.000000,3.320000,0.427530,0.019359,2.337672
3.340000,0.666000,0.000000,3.330000,0.429406,0.018974,2.346761
3.350000,0.668000,0.000000,3.340000,0.431339,0.018609,2.355946
3.360000,0.670000,0.000000,3.350000,0.433356,0.018203,2.364800
3.370000,0.672000,0.000000,3.360000,0.435407,0.017756,2.374421
3.380000,0.674000,0.000000,3.370000,0.437400,0.017342,2.383878
3.390000,0.676000,0.000000,3.380000,0.439438,0.016940,2.393030
3.400000,0.678000,0.000000,3.390000,0.441499,0.016529,2.402199
3.410000,0.680000,0.000000,3.400000,0.443621,0.016103,2.410859
3.420000,0.682000,0.000000,3.410000,0.445711,0.015705,2.419519
3.430000,0.684000,0.000000,3.420000,0.447842,0.015347,2.429067
3.440000,0.686000,0.000000,3.430000,0.450021,0.014950,2.438729
3.450000,0.688000,0.000000,3.440000,0.452215,0.014551,2.448428
3.460000,0.690000,0.000000,3.450000,0.454411,0.014188,2.458494
3.470000,0.692000,0.000000,3.460000,0.456585,0.013853,2.468476
3.480000,0.694000,0.000000,3.470000,0.458811,0.013568,2.478356
3.490000,0.696000,0.000000,3.480000,0.461068,0.013311,2.488298
3.500000,0.698000,0.000000,3.490000,0.463343,0.013037,2.498415
3.510000,0.700000,0.000000,3.500000,0.465549,0.012795,2.508857
3.520000,0.702000,0.000000,3.510000,0.467788,0.012565,2.518931
3.530000,0.704000,0.000000,3.520000,0.470040,0.012335,2.528967
3.540000,0.706000,0.000000,3.530000,0.472300,0.012092,2.538090
3.550000,0.708000,0.000000,3.540000,0.474535,0.011863,2.547777
3.560000,0.710000,0.000000,3.550000,0.476780,0.011649,2.557740
3.570000,0.712000,0.000000,3.560000,0.479030,0.011419,2.567487
3.580000,0.714000,0.000000,3.570000,0.481305,0.011190,2.577199
3.590000,0.716000,0.000000,3.580000,0.483604,0.010980,2.587060
3.600000,0.718000,0.000000,3.590000,0.485875,0.010802,2.596395
3.610000,0.720000,0.000000,3.600000,0.488178,0.010646,2.605999
3.620000,0.722000,0.000000,3.610000,0.490488,0.010515,2.615631
3.630000,0.724000,0.000000,3.620000,0.492795,0.010402,2.625447
3.640000,0.726000,0.000000,3.630000,0.495124,0.010251,2.634996
3.650000,0.728000,0.000000,3.640000,0.497362,0.010088,2.644367
3.660000,0.730000,0.000000,3.650000,0.499644,0.009955,2.653623
3.670000,0.732000,0.000000,3.660000,0.501931,0.009851,2.663008
3.680000,0.734000,0.000000,3.670000,0.504216,0.009758,2.672644
3.690000,0.736000,0.000000,3.680000,0.506527,0.009694,2.682161
3.700000,0.738000,0.000000,3.690000,0.508788,0.009664,2.692436
3.710000,0.740000,0.000000,3.700000,0.511088,0.009631,2.702372
3.720000,0.742000,0.000000,3.710000,0.513367,0.009617,2.712454
3.730000,0.744000,0.000000,3.720000,0.515654,0.009618,2.722675
3.740000,0.746000,0.000000,3.730000,0.517939,0.009688,2.733001
3.750000,0.748000,0.000000,3.740000,0.520205,0.009747,2.743418
3.760000,0.750000,0.000000,3.750000,0.522446,0.009905,2.753651
3.770000,0.752000,0.000000,3.760000,0.524653,0.010077,2.764369
3.780000,0.754000,0.000000,3.770000,0.526862,0.010194,2.775252
3.790000,0.756000,0.000000,3.780000,0.529074,0.010327,2.786200
3.800000,0.758000,0.000000,3.790000,0.531259,0.010557,2.796289
3.810000,0.760000,0.000000,3.800000,0.533484,0.010852,2.806508
3.820000,0.762000,0.000000,3.810000,0.535644,0.011125,2.817248
3.830000,0.764000,0.000000,3.820000,0.537784,0.011427,2.828028
3.840000,0.766000,0.000000,3.830000,0.539885,0.011696,2.838841
3.850000,0.768000,0.000000,3.840000,0.542031,0.012032,2.849216
3.860000,0.770000,0.000000,3.850000,0.544170,0.012408,2.859709
3.870000,0.772000,0.000000,3.860000,0.546292,0.012784,2.870369
3.880000,0.774000,0.000000,3.870000,0.548343,0.013173,2.881508
3.890000,0.776000,0.000000,3.880000,0.550348,0.013523,2.892467
3.900000,0.778000,0.000000,3.890000,0.552398,0.013982,2.903299
3.910000,0.780000,0.000000,3.900000,0.554445,0.014426,2.913623
3.920000,0.782000,0.000000,3.910000,0.556471,0.014849,2.924131
3.930000,0.784000,0.000000,3.920000,0.558454,0.015213,2.934751
3.940000,0.786000,0.000000,3.930000,0.560458,0.015697,2.944892
3.950000,0.788000,0.000000,3.940000,0.562427,0.016195,2.954918
3.960000,0.790000,0.000000,3.950000,0.564354,0.016699,2.964997
3.970000,0.792000,0.000000,3.960000,0.566232,0.017176,2.975104
3.980000,0.794000,0.000000,3.970000,0.568144,0.017659,2.984881
3.990000,0.796000,0.000000,3.980000,0.570015,0.018085,2.994759
4.000000,0.798000,0.000000,3.990000,0.571851,0.018476,3.004748
4.010000,0.800000,0.000000,4.000000,0.573673,0.018848,3.014849
4.020000,0.802000,0.000000,4.010000,0.575503,0.019245,3.025169
4.030000,0.804000,0.000000,4.020000,0.577271,0.019578,3.035502
4.040000,0.806000,0.000000,4.030000,0.579028,0.019902,3.045973
4.050000,0.808000,0.000000,4.040000,0.580770,0.020163,3.056149
4.060000,0.810000,0.000000,4.050000,0.582543,0.020454,3.066267
4.070000,0.812000,0.000000,4.060000,0.584291,0.020701,3.076414
4.080000,0.814000,0.000000,4.070000,0.586033,0.020933,3.086604
4.090000,0.816000,0.000000,4.080000,0.587752,0.021119,3.096728
4.100000,0.818000,0.000000,4.090000,0.589498,0.021353,3.107097
4.110000,0.820000,0.000000,4.100000,0.591114,0.021525,3.117201
4.120000,0.822000,0.000000,4.110000,0.592784,0.021675,3.127668
4.130000,0.824000,0.000000,4.120000,0.594441,0.021753,3.137791
4.140000,0.826000,0.000000,4.130000,0.596155,0.021871,-3.135283
4.150000,0.828000,0.000000,4.140000,0.597890,0.021975,-3.125250
4.160000,0.830000,0.000000,4.150000,0.599613,0.022062,-3.115167
4.170000,0.832000,0.000000,4.160000,0.601335,0.022192,-3.105023
4.180000,0.834000,0.000000,4.170000,0.603063,0.022258,-3.095157
4.190000,0.836000,0.000000,4.180000,0.604772,0.022328,-3.084757
4.200000,0.838000,0.000000,4.190000,0.606489,0.022379,-3.074283
4.210000,0.840000,0.000000,4.200000,0.608211,0.022588,-3.063820
4.220000,0.842000,0.000000,4.210000,0.609968,0.022585,-3.054484
4.230000,0.844000,0.000000,4.220000,0.611607,0.022494,-3.044664
4.240000,0.846000,0.000000,4.230000,0.613300,0.022410,-3.034058
4.250000,0.848000,0.000000,4.240000,0.615046,0.022481,-3.023529
4.260000,0.850000,0.000000,4.250000,0.616794,0.022553,-3.013332
4.270000,0.852000,0.000000,4.260000,0.618563,0.022597,-3.003204
4.280000,0.854000,0.000000,4.270000,0.620336,0.022729,-2.993419
4.290000,0.856000,0.000000,4.280000,0.622119,0.022863,-2.983533
4.300000,0.858000,0.000000,4.290000,0.623901,0.022849,-2.974474
4.310000,0.860000,0.000000,4.300000,0.625688,0.022696,-2.965425
4.320000,0.862000,0.000000,4.310000,0.627509,0.022655,-2.956380
4.330000,0.864000,0.000000,4.320000,0.629344,0.022593,-2.947613
4.340000,0.866000,0.000000,4.330000,0.631157,0.022496,-2.938796
4.350000,0.868000,0.000000,4.340000,0.633006,0.022435,-2.929636
4.360000,0.870000,0.000000,4.350000,0.634888,0.022312,-2.920429
4.370000,0.872000,0.000000,4.360000,0.636773,0.022183,-2.911197
4.380000,0.874000,0.000000,4.370000,0.638665,0.021971,-2.902109
4.390000,0.876000,0.000000,4.380000,0.640604,0.021858,-2.892311
4.400000,0.878000,0.000000,4.390000,0.642578,0.021719,-2.882904
4.410000,0.880000,0.000000,4.400000,0.644597,0.021499,-2.873080
4.420000,0.882000,0.000000,4.410000,0.646618,0.021320,-2.863140
4.430000,0.884000,0.000000,4.420000,0.648681,0.021081,-2.853401
4.440000,0.886000,0.000000,4.430000,0.650756,0.020819,-2.843525
4.450000,0.888000,0.000000,4.440000,0.652835,0.020602,-2.833254
4.460000,0.890000,0.000000,4.450000,0.654949,0.020415,-2.823100
4.470000,0.892000,0.000000,4.460000,0.657087,0.020212,-2.813034
4.480000,0.894000,0.000000,4.470000,0.659277,0.019990,-2.803047
4.490000,0.896000,0.000000,4.480000,0.661377,0.019749,-2.792823
4.500000,0.898000,0.000000,4.490000,0.663562,0.019565,-2.782592
4.510000,0.900000,0.000000,4.500000,0.665784,0.019392,-2.772592
4.520000,0.902000,0.000000,4.510000,0.667918,0.019156,-2.762622
4.530000,0.904000,0.000000,4.520000,0.670168,0.019025,-2.751886
4.540000,0.906000,0.000000,4.530000,0.672438,0.018791,-2.741473
4.550000,0.908000,0.000000,4.540000,0.674695,0.018501,-2.731284
4.560000,0.910000,0.000000,4.550000,0.676974,0.018346,-2.720605
4.570000,0.912000,0.000000,4.560000,0.679279,0.018199,-2.710289
4.580000,0.914000,0.000000,4.570000,0.681575,0.018158,-2.700664
4.590000,0.916000,0.000000,4.580000,0.683884,0.018110,-2.690794
4.600000,0.918000,0.000000,4.590000,0.686186,0.018038,-2.680711
4.610000,0.920000,0.000000,4.600000,0.688505,0.017974,-2.670734
4.620000,0.922000,0.000000,4.610000,0.690822,0.018025,-2.660553
4.630000,0.924000,0.000000,4.620000,0.693156,0.018060,-2.650376
4.640000,0.926000,0.000000,4.630000,0.695508,0.018102,-2.640341
4.650000,0.928000,0.000000,4.640000,0.697845,0.018170,-2.630509
4.660000,0.930000,0.000000,4.650000,0.700180,0.018264,-2.620447
4.670000,0.932000,0.000000,4.660000,0.702515,0.018352,-2.610299
4.680000,0.934000,0.000000,4.670000,0.704853,0.018402,-2.600244
4.690000,0.936000,0.000000,4.680000,0.707197,0.018611,-2.590092
4.700000,0.938000,0.000000,4.690000,0.709544,0.018803,-2.579443
4.710000,0.940000,0.000000,4.700000,0.711894,0.018983,-2.569195
4.720000,0.942000,0.000000,4.710000,0.714222,0.019261,-2.559105
4.730000,0.944000,0.000000,4.720000,0.716543,0.019534,-2.548737
4.740000,0.946000,0.000000,4.730000,0.718864,0.019752,-2.538495
4.750000,0.948000,0.000000,4.740000,0.721159,0.020093,-2.528668
4.760000,0.950000,0.000000,4.750000,0.723456,0.020447,-2.518191
4.770000,0.952000,0.000000,4.760000,0.725735,0.020796,-2.507720
4.780000,0.954000,0.000000,4.770000,0.728064,0.021105,-2.495923
4.790000,0.956000,0.000000,4.780000,0.730306,0.021528,-2.484339
4.800000,0.958000,0.000000,4.790000,0.732609,0.021964,-2.471245
4.810000,0.960000,0.000000,4.800000,0.734647,0.022465,-2.459616
4.820000,0.962000,0.000000,4.810000,0.736773,0.022894,-2.448878
4.830000,0.964000,0.000000,4.820000,0.738950,0.023246,-2.437889
4.840000,0.966000,0.000000,4.830000,0.740920,0.023742,-2.427018
4.850000,0.968000,0.000000,4.840000,0.743001,0.024215,-2.416203
4.860000,0.970000,0.000000,4.850000,0.745103,0.024645,-2.405347
4.870000,0.972000,0.000000,4.860000,0.747142,0.025120,-2.393974
4.880000,0.974000,0.000000,4.870000,0.749035,0.025718,-2.382605
4.890000,0.976000,0.000000,4.880000,0.751004,0.026269,-2.370512
4.900000,0.978000,0.000000,4.890000,0.752868,0.026850,-2.358647
4.910000,0.980000,0.000000,4.900000,0.754820,0.027307,-2.347011
4.920000,0.982000,0.000000,4.910000,0.756779,0.027828,-2.336530
4.930000,0.984000,0.000000,4.920000,0.758723,0.028304,-2.325718
4.940000,0.986000,0.000000,4.930000,0.760705,0.028787,-2.314405
4.950000,0.988000,0.000000,4.940000,0.762603,0.029277,-2.304463
4.960000,0.990000,0.000000,4.950000,0.764461,0.029671,-2.293939
4.970000,0.992000,0.000000,4.960000,0.766260,0.030040,-2.283342
4.980000,0.994000,0.000000,4.970000,0.768011,0.030417,-2.273622
4.990000,0.996000,0.000000,4.980000,0.769761,0.030772,-2.263381
5.000000,0.998000,0.000000,4.990000,0.771514,0.031085,-2.253303
5.010000,1.000000,0.000000,5.000000,0.773263,0.031334,-2.243069
5.020000,1.002000,0.000000,5.010000,0.775003,0.031678,-2.233164
5.030000,1.004000,0.000000,5.020000,0.776731,0.031994,-2.222691
5.040000,1.006000,0.000000,5.030000,0.778458,0.032290,-2.212072
5.050000,1.008000,0.000000,5.040000,0.780133,0.032632,-2.201282
5.060000,1.010000,0.000000,5.050000,0.781790,0.032937,-2.190028
5.070000,1.012000,0.000000,5.060000,0.783446,0.033218,-2.178747
5.080000,1.014000,0.000000,5.070000,0.785115,0.033442,-2.167300
5.090000,1.016000,0.000000,5.080000,0.786763,0.033754,-2.156259
5.100000,1.018000,0.000000,5.090000,0.788420,0.034040,-2.144652
5.110000,1.020000,0.000000,5.100000,0.790079,0.034278,-2.132983
5.120000,1.022000,0.000000,5.110000,0.791721,0.034532,-2.121541
5.130000,1.024000,0.000000,5.120000,0.793154,0.034802,-2.109467
5.140000,1.026000,0.000000,5.130000,0.794691,0.035004,-2.097396
5.150000,1.028000,0.000000,5.140000,0.796276,0.035158,-2.085463
5.160000,1.030000,0.000000,5.150000,0.797824,0.035340,-2.074069
5.170000,1.032000,0.000000,5.160000,0.799399,0.035484,-2.062223
5.180000,1.034000,0.000000,5.170000,0.800981,0.035592,-2.050551
5.190000,1.036000,0.000000,5.180000,0.802579,0.035626,-2.038721
5.200000,1.038000,0.000000,5.190000,0.804164,0.035734,-2.027291
5.210000,1.040000,0.000000,5.200000,0.805785,0.035830,-2.015582
5.220000,1.042000,0.000000,5.210000,0.807363,0.035873,-2.003834
5.230000,1.044000,0.000000,5.220000,0.808914,0.035827,-1.992800
5.240000,1.046000,0.000000,5.230000,0.810495,0.035747,-1.981963
5.250000,1.048000,0.000000,5.240000,0.812084,0.035606,-1.971456
5.260000,1.050000,0.000000,5.250000,0.813726,0.035436,-1.960653
5.270000,1.052000,0.000000,5.260000,0.815358,0.035238,-1.950384
5.280000,1.054000,0.000000,5.270000,0.817011,0.035022,-1.940313
5.290000,1.056000,0.000000,5.280000,0.818706,0.034774,-1.930322
5.300000,1.058000,0.000000,5.290000,0.820367,0.034466,-1.919724
5.310000,1.060000,0.000000,5.300000,0.822016,0.034137,-1.910033
5.320000,1.062000,0.000000,5.310000,0.823696,0.033784,-1.900132
5.330000,1.064000,0.000000,5.320000,0.825430,0.033389,-1.890421
5.340000,1.066000,0.000000,5.330000,0.827192,0.032973,-1.881046
5.350000,1.068000,0.000000,5.340000,0.828961,0.032533,-1.872336
5.360000,1.070000,0.000000,5.350000,0.830768,0.032087,-1.863617
5.370000,1.072000,0.000000,5.360000,0.832602,0.031568,-1.854127
5.380000,1.074000,0.000000,5.370000,0.834435,0.030996,-1.845371
5.390000,1.076000,0.000000,5.380000,0.836291,0.030497,-1.835969
5.400000,1.078000,0.000000,5.390000,0.838139,0.030042,-1.826587
5.410000,1.080000,0.000000,5.400000,0.840010,0.029550,-1.816999
5.420000,1.082000,0.000000,5.410000,0.841947,0.029081,-1.808710
5.430000,1.084000,0.000000,5.420000,0.843961,0.028606,-1.800119
5.440000,1.086000,0.000000,5.430000,0.845900,0.028142,-1.790866
5.450000,1.088000,0.000000,5.440000,0.847863,0.027692,-1.781461
5.460000,1.090000,0.000000,5.450000,0.849893,0.027238,-1.772244
5.470000,1.092000,0.000000,5.460000,0.851939,0.026802,-1.763135
5.480000,1.094000,0.000000,5.470000,0.853959,0.026433,-1.753177
5.490000,1.096000,0.000000,5.480000,0.856092,0.026148,-1.743228
5.500000,1.098000,0.000000,5.490000,0.858249,0.025835,-1.732765
5.510000,1.100000,0.000000,5.500000,0.860415,0.025488,-1.722683
5.520000,1.102000,0.000000,5.510000,0.862612,0.025136,-1.712686
5.530000,1.104000,0.000000,5.520000,0.864769,0.024896,-1.702064
5.540000,1.106000,0.000000,5.530000,0.866938,0.024677,-1.691268
5.550000,1.108000,0.000000,5.540000,0.869225,0.024526,-1.681285
5.560000,1.110000,0.000000,5.550000,0.871525,0.024441,-1.671133
5.570000,1.112000,0.000000,5.560000,0.873830,0.024273,-1.661038
5.580000,1.114000,0.000000,5.570000,0.876133,0.024135,-1.651049
5.590000,1.116000,0.000000,5.580000,0.878458,0.024038,-1.641634
5.600000,1.118000,0.000000,5.590000,0.880791,0.023968,-1.632222
5.610000,1.120000,0.000000,5.600000,0.883186,0.023970,-1.623467
5.620000,1.122000,0.000000,5.610000,0.885587,0.024020,-1.613850
5.630000,1.124000,0.000000,5.620000,0.887931,0.024032,-1.603588
5.640000,1.126000,0.000000,5.630000,0.890317,0.024046,-1.593918
5.650000,1.128000,0.000000,5.640000,0.892702,0.024077,-1.584273
5.660000,1.130000,0.000000,5.650000,0.895117,0.024246,-1.575665
5.670000,1.132000,0.000000,5.660000,0.897541,0.024383,-1.567012
5.680000,1.134000,0.000000,5.670000,0.899919,0.024560,-1.557998
5.690000,1.136000,0.000000,5.680000,0.902287,0.024733,-1.549026
5.700000,1.138000,0.000000,5.690000,0.904677,0.024887,-1.540223
5.710000,1.140000,0.000000,5.700000,0.907033,0.025041,-1.531673
5.720000,1.142000,0.000000,5.710000,0.909442,0.025234,-1.522956
5.730000,1.144000,0.000000,5.720000,0.911810,0.025341,-1.513535
5.740000,1.146000,0.000000,5.730000,0.914202,0.025476,-1.504034
5.750000,1.148000,0.000000,5.740000,0.916585,0.025637,-1.494305
5.760000,1.150000,0.000000,5.750000,0.918929,0.025727,-1.484919
5.770000,1.152000,0.000000,5.760000,0.921280,0.025848,-1.475066
5.780000,1.154000,0.000000,5.770000,0.923660,0.025919,-1.464785
5.790000,1.156000,0.000000,5.780000,0.926015,0.025999,-1.454227
5.800000,1.158000,0.000000,5.790000,0.928323,0.026079,-1.443835
5.810000,1.160000,0.000000,5.800000,0.930609,0.026220,-1.434034
5.820000,1.162000,0.000000,5.810000,0.932882,0.026296,-1.423860
5.830000,1.164000,0.000000,5.820000,0.935131,0.026374,-1.413512
5.840000,1.166000,0.000000,5.830000,0.937393,0.026469,-1.403097
5.850000,1.168000,0.000000,5.840000,0.939591,0.026544,-1.393225
5.860000,1.170000,0.000000,5.850000,0.941781,0.026620,-1.382872
5.870000,1.172000,0.000000,5.860000,0.943971,0.026700,-1.372205
5.880000,1.174000,0.000000,5.870000,0.946147,0.026759,-1.361499
5.890000,1.176000,0.000000,5.880000,0.948288,0.026809,-1.350921
5.900000,1.178000,0.000000,5.890000,0.950479,0.026917,-1.340558
5.910000,1.180000,0.000000,5.900000,0.952633,0.027057,-1.329866
5.920000,1.182000,0.000000,5.910000,0.954689,0.027248,-1.318342
5.930000,1.184000,0.000000,5.920000,0.956688,0.027415,-1.306976
5.940000,1.186000,0.000000,5.930000,0.958686,0.027670,-1.295943
5.950000,1.188000,0.000000,5.940000,0.960659,0.027871,-1.285009
5.960000,1.190000,0.000000,5.950000,0.962618,0.028046,-1.273836
5.970000,1.192000,0.000000,5.960000,0.964551,0.028224,-1.262601
5.980000,1.194000,0.000000,5.970000,0.966478,0.028503,-1.251915
5.990000,1.196000,0.000000,5.980000,0.968412,0.028751,-1.241265
6.000000,1.198000,0.000000,5.990000,0.970249,0.028968,-1.230194
6.010000,1.200000,0.000000,6.000000,0.972027,0.029219,-1.219228
6.020000,1.202000,0.000000,6.010000,0.973838,0.029507,-1.208964
6.030000,1.204000,0.000000,6.020000,0.975656,0.029770,-1.198803
6.040000,1.206000,0.000000,6.030000,0.977420,0.030004,-1.188692
6.050000,1.208000,0.000000,6.040000,0.979174,0.030243,-1.178378
6.060000,1.210000,0.000000,6.050000,0.980942,0.030556,-1.168501
6.070000,1.212000,0.000000,6.060000,0.982686,0.030854,-1.158841
6.080000,1.214000,0.000000,6.070000,0.984455,0.031104,-1.149329
6.090000,1.216000,0.000000,6.080000,0.986077,0.031274,-1.139238
6.100000,1.218000,0.000000,6.090000,0.987708,0.031508,-1.129294
6.110000,1.220000,0.000000,6.100000,0.989312,0.031717,-1.119679
6.120000,1.222000,0.000000,6.110000,0.990892,0.031907,-1.110050
6.130000,1.224000,0.000000,6.120000,0.992429,0.032042,-1.100531
6.140000,1.226000,0.000000,6.130000,0.994024,0.032203,-1.090392
6.150000,1.228000,0.000000,6.140000,0.995604,0.032312,-1.080321
6.160000,1.230000,0.000000,6.150000,0.997166,0.032357,-1.070350
6.170000,1.232000,0.000000,6.160000,0.998730,0.032345,-1.060162
6.180000,1.234000,0.000000,6.170000,1.000323,0.032302,-1.049763
6.190000,1.236000,0.000000,6.180000,1.001910,0.032208,-1.039624
6.200000,1.238000,0.000000,6.190000,1.003491,0.032064,-1.028914
6.210000,1.240000,0.000000,6.200000,1.005077,0.031945,-1.017648
6.220000,1.242000,0.000000,6.210000,1.006640,0.031777,-1.006414
6.230000,1.244000,0.000000,6.220000,1.008178,0.031592,-0.995158
6.240000,1.246000,0.000000,6.230000,1.009730,0.031301,-0.983732
6.250000,1.248000,0.000000,6.240000,1.011332,0.031041,-0.971807
6.260000,1.250000,0.000000,6.250000,1.012942,0.030746,-0.960233
6.270000,1.252000,0.000000,6.260000,1.014577,0.030422,-0.948827
6.280000,1.254000,0.000000,6.270000,1.016219,0.030127,-0.937362
6.290000,1.256000,0.000000,6.280000,1.017877,0.029812,-0.925939
6.300000,1.258000,0.000000,6.290000,1.019529,0.029437,-0.914790
6.310000,1.260000,0.000000,6.300000,1.021194,0.029045,-0.903454
6.320000,1.262000,0.000000,6.310000,1.022878,0.028721,-0.891642
6.330000,1.264000,0.000000,6.320000,1.024577,0.028243,-0.878082
6.340000,1.266000,0.000000,6.330000,1.026297,0.027826,-0.865258
6.350000,1.268000,0.000000,6.340000,1.028027,0.027495,-0.852572
6.360000,1.270000,0.000000,6.350000,1.029800,0.027066,-0.841406
6.370000,1.272000,0.000000,6.360000,1.031582,0.026601,-0.830312
6.380000,1.274000,0.000000,6.370000,1.033380,0.026014,-0.822376
6.390000,1.276000,0.000000,6.380000,1.035013,0.025485,-0.810376
6.400000,1.278000,0.000000,6.390000,1.036794,0.024979,-0.798707
6.410000,1.280000,0.000000,6.400000,1.038422,0.024363,-0.787029
6.420000,1.282000,0.000000,6.410000,1.040229,0.023845,-0.775271
6.430000,1.284000,0.000000,6.420000,1.041899,0.023191,-0.763371
6.440000,1.286000,0.000000,6.430000,1.043573,0.022463,-0.751000
6.450000,1.288000,0.000000,6.440000,1.045257,0.021673,-0.738659
6.460000,1.290000,0.000000,6.450000,1.047041,0.021039,-0.725725
6.470000,1.292000,0.000000,6.460000,1.048786,0.020340,-0.713581
6.480000,1.294000,0.000000,6.470000,1.050533,0.019611,-0.701399
6.490000,1.296000,0.000000,6.480000,1.052318,0.018942,-0.688693
6.500000,1.298000,0.000000,6.490000,1.054158,0.018239,-0.676097
6.510000,1.300000,0.000000,6.500000,1.056305,0.017752,-0.663410
6.520000,1.302000,0.000000,6.510000,1.058496,0.017266,-0.653518
6.530000,1.304000,0.000000,6.520000,1.060471,0.016712,-0.641846
6.540000,1.306000,0.000000,6.530000,1.062647,0.016302,-0.631358
6.550000,1.308000,0.000000,6.540000,1.064894,0.016323,-0.622488
6.560000,1.310000,0.000000,6.550000,1.067216,0.016106,-0.612594
6.570000,1.312000,0.000000,6.560000,1.069557,0.015735,-0.602853
6.580000,1.314000,0.000000,6.570000,1.071884,0.015351,-0.592896
6.590000,1.316000,0.000000,6.580000,1.074208,0.015050,-0.582866
6.600000,1.318000,0.000000,6.590000,1.076534,0.014707,-0.572805
6.610000,1.320000,0.000000,6.600000,1.078875,0.014349,-0.562854
6.620000,1.322000,0.000000,6.610000,1.081203,0.014054,-0.552832
6.630000,1.324000,0.000000,6.620000,1.083541,0.013766,-0.542785
6.640000,1.326000,0.000000,6.630000,1.085898,0.013462,-0.532883
6.650000,1.328000,0.000000,6.640000,1.088271,0.013129,-0.523030
6.660000,1.330000,0.000000,6.650000,1.090630,0.012955,-0.513087
6.670000,1.332000,0.000000,6.660000,1.093007,0.012758,-0.503313
6.680000,1.334000,0.000000,6.670000,1.095405,0.012567,-0.493364
6.690000,1.336000,0.000000,6.680000,1.097784,0.012487,-0.483803
6.700000,1.338000,0.000000,6.690000,1.100176,0.012371,-0.474280
6.710000,1.340000,0.000000,6.700000,1.102569,0.012255,-0.464899
6.720000,1.342000,0.000000,6.710000,1.104936,0.012239,-0.455987
6.730000,1.344000,0.000000,6.720000,1.107284,0.012327,-0.445187
6.740000,1.346000,0.000000,6.730000,1.109661,0.012293,-0.435304
6.750000,1.348000,0.000000,6.740000,1.112037,0.012214,-0.425270
6.760000,1.350000,0.000000,6.750000,1.114432,0.012305,-0.415429
6.770000,1.352000,0.000000,6.760000,1.116786,0.012430,-0.405787
6.780000,1.354000,0.000000,6.770000,1.119141,0.012479,-0.396383
6.790000,1.356000,0.000000,6.780000,1.121484,0.012607,-0.387640
6.800000,1.358000,0.000000,6.790000,1.123812,0.012734,-0.378505
6.810000,1.360000,0.000000,6.800000,1.126133,0.012837,-0.369728
6.820000,1.362000,0.000000,6.810000,1.128437,0.013048,-0.361443
6.830000,1.364000,0.000000,6.820000,1.130707,0.013221,-0.352537
6.840000,1.366000,0.000000,6.830000,1.132995,0.013376,-0.343482
6.850000,1.368000,0.000000,6.840000,1.135260,0.013603,-0.334515
6.860000,1.370000,0.000000,6.850000,1.137538,0.013823,-0.325640
6.870000,1.372000,0.000000,6.860000,1.139805,0.014034,-0.316884
6.880000,1.374000,0.000000,6.870000,1.142062,0.014195,-0.308094
6.890000,1.376000,0.000000,6.880000,1.144318,0.014487,-0.299425
6.900000,1.378000,0.000000,6.890000,1.146615,0.014875,-0.289757
6.910000,1.380000,0.000000,6.900000,1.148830,0.015219,-0.280560
6.920000,1.382000,0.000000,6.910000,1.151009,0.015636,-0.272242
6.930000,1.384000,0.000000,6.920000,1.153176,0.016009,-0.263443
6.940000,1.386000,0.000000,6.930000,1.155333,0.016357,-0.254269
6.950000,1.388000,0.000000,6.940000,1.157460,0.016769,-0.245335
6.960000,1.390000,0.000000,6.950000,1.159574,0.017169,-0.235892
6.970000,1.392000,0.000000,6.960000,1.161683,0.017555,-0.226527
6.980000,1.394000,0.000000,6.970000,1.163799,0.017867,-0.217045
6.990000,1.396000,0.000000,6.980000,1.165869,0.018282,-0.208076
7.000000,1.398000,0.000000,6.990000,1.167937,0.018676,-0.198765
7.010000,1.400000,0.000000,7.000000,1.169991,0.019049,-0.189291
7.020000,1.402000,0.000000,7.010000,1.171991,0.019518,-0.180461
7.030000,1.404000,0.000000,7.020000,1.173945,0.019932,-0.170775
7.040000,1.406000,0.000000,7.030000,1.175867,0.020315,-0.161306
7.050000,1.408000,0.000000,7.040000,1.177730,0.020727,-0.152092
7.060000,1.410000,0.000000,7.050000,1.179601,0.021115,-0.142454
7.070000,1.412000,0.000000,7.060000,1.181455,0.021486,-0.132963
7.080000,1.414000,0.000000,7.070000,1.183323,0.021796,-0.123126
7.090000,1.416000,0.000000,7.080000,1.185140,0.022185,-0.114095
7.100000,1.418000,0.000000,7.090000,1.186940,0.022525,-0.104630
7.110000,1.420000,0.000000,7.100000,1.188742,0.022830,-0.095139
7.120000,1.422000,0.000000,7.110000,1.190523,0.023148,-0.086395
7.130000,1.424000,0.000000,7.120000,1.192246,0.023411,-0.077070
7.140000,1.426000,0.000000,7.130000,1.193947,0.023693,-0.069910
7.150000,1.428000,0.000000,7.140000,1.195653,0.023921,-0.062855
7.160000,1.430000,0.000000,7.150000,1.197384,0.024188,-0.053741
7.170000,1.432000,0.000000,7.160000,1.199098,0.024432,-0.043873
7.180000,1.434000,0.000000,7.170000,1.200813,0.024651,-0.033928
7.190000,1.436000,0.000000,7.180000,1.202513,0.024909,-0.024067
7.200000,1.438000,0.000000,7.190000,1.204234,0.025140,-0.013848
7.210000,1.440000,0.000000,7.200000,1.205956,0.025267,-0.003728
7.220000,1.442000,0.000000,7.210000,1.207656,0.025322,0.006373
7.230000,1.444000,0.000000,7.220000,1.209306,0.025464,0.016206
7.240000,1.446000,0.000000,7.230000,1.211006,0.025587,0.026499
7.250000,1.448000,0.000000,7.240000,1.212695,0.025652,0.037503
7.260000,1.450000,0.000000,7.250000,1.214400,0.025735,0.048363
7.270000,1.452000,0.000000,7.260000,1.216090,0.025839,0.058964
7.280000,1.454000,0.000000,7.270000,1.217674,0.025878,0.069457
7.290000,1.456000,0.000000,7.280000,1.219377,0.025919,0.079387
7.300000,1.458000,0.000000,7.290000,1.221086,0.026017,0.089199
7.310000,1.460000,0.000000,7.300000,1.222829,0.025994,0.101894
7.320000,1.462000,0.000000,7.310000,1.224628,0.025921,0.112430
7.330000,1.464000,0.000000,7.320000,1.226452,0.025808,0.122882
7.340000,1.466000,0.000000,7.330000,1.228236,0.025786,0.133361
7.350000,1.468000,0.000000,7.340000,1.230039,0.025743,0.144001
7.360000,1.470000,0.000000,7.350000,1.231858,0.025596,0.154565
7.370000,1.472000,0.000000,7.360000,1.233730,0.025376,0.164941
7.380000,1.474000,0.000000,7.370000,1.235551,0.025210,0.174655
7.390000,1.476000,0.000000,7.380000,1.237405,0.025029,0.184653
7.400000,1.478000,0.000000,7.390000,1.239367,0.024834,0.194210
7.410000,1.480000,0.000000,7.400000,1.241364,0.024582,0.203721
7.420000,1.482000,0.000000,7.410000,1.243310,0.024373,0.213050
7.430000,1.484000,0.000000,7.420000,1.245262,0.024079,0.222634
7.440000,1.486000,0.000000,7.430000,1.247240,0.023753,0.232211
7.450000,1.488000,0.000000,7.440000,1.249292,0.023370,0.241448
7.460000,1.490000,0.000000,7.450000,1.251299,0.023050,0.250781
7.470000,1.492000,0.000000,7.460000,1.253339,0.022718,0.260369
7.480000,1.494000,0.000000,7.470000,1.255427,0.022392,0.269630
7.490000,1.496000,0.000000,7.480000,1.257586,0.022055,0.278699
7.500000,1.498000,0.000000,7.490000,1.259700,0.021653,0.287858
7.510000,1.500000,0.000000,7.500000,1.261840,0.021231,0.296781
7.520000,1.502000,0.000000,7.510000,1.263995,0.020800,0.305381
7.530000,1.504000,0.000000,7.520000,1.266171,0.020378,0.313794
7.540000,1.506000,0.000000,7.530000,1.268300,0.020023,0.323098
7.550000,1.508000,0.000000,7.540000,1.270468,0.019757,0.332174
7.560000,1.510000,0.000000,7.550000,1.272682,0.019465,0.341410
7.570000,1.512000,0.000000,7.560000,1.274910,0.019149,0.350762
7.580000,1.514000,0.000000,7.570000,1.277175,0.018810,0.359897
7.590000,1.516000,0.000000,7.580000,1.279373,0.018558,0.369320
7.600000,1.518000,0.000000,7.590000,1.281606,0.018374,0.378948
7.610000,1.520000,0.000000,7.600000,1.283853,0.018227,0.388705
7.620000,1.522000,0.000000,7.610000,1.286153,0.018101,0.397368
7.630000,1.524000,0.000000,7.620000,1.288411,0.017980,0.406584
7.640000,1.526000,0.000000,7.630000,1.290673,0.017898,0.415828
7.650000,1.528000,0.000000,7.640000,1.292950,0.017834,0.425342
7.660000,1.530000,0.000000,7.650000,1.295247,0.017785,0.434767
7.670000,1.532000,0.000000,7.660000,1.297562,0.017730,0.444156
7.680000,1.534000,0.000000,7.670000,1.299849,0.017752,0.453853
7.690000,1.536000,0.000000,7.680000,1.302151,0.017822,0.463735
7.700000,1.538000,0.000000,7.690000,1.304460,0.017873,0.473285
7.710000,1.540000,0.000000,7.700000,1.306768,0.017948,0.482917
7.720000,1.542000,0.000000,7.710000,1.309094,0.018043,0.492466
7.730000,1.544000,0.000000,7.720000,1.311373,0.018188,0.502832
7.740000,1.546000,0.000000,7.730000,1.313700,0.018396,0.512402
7.750000,1.548000,0.000000,7.740000,1.316037,0.018625,0.521739
7.760000,1.550000,0.000000,7.750000,1.318353,0.018816,0.531264
7.770000,1.552000,0.000000,7.760000,1.320680,0.019014,0.540466
7.780000,1.554000,0.000000,7.770000,1.322956,0.019255,0.550324
7.790000,1.556000,0.000000,7.780000,1.325210,0.019526,0.560105
7.800000,1.558000,0.000000,7.790000,1.327520,0.019838,0.568573
7.810000,1.560000,0.000000,7.800000,1.329835,0.020199,0.577494
7.820000,1.562000,0.000000,7.810000,1.332110,0.020511,0.586068
7.830000,1.564000,0.000000,7.820000,1.334428,0.020784,0.595060
7.840000,1.566000,0.000000,7.830000,1.336691,0.021033,0.604473
7.850000,1.568000,0.000000,7.840000,1.339016,0.021391,0.613380
7.860000,1.570000,0.000000,7.850000,1.341335,0.021759,0.622025
7.870000,1.572000,0.000000,7.860000,1.343600,0.022138,0.631207
7.880000,1.574000,0.000000,7.870000,1.345859,0.022558,0.640232
7.890000,1.576000,0.000000,7.880000,1.348093,0.022852,0.649896
7.900000,1.578000,0.000000,7.890000,1.350345,0.023187,0.659151
7.910000,1.580000,0.000000,7.900000,1.352597,0.023563,0.668591
7.920000,1.582000,0.000000,7.910000,1.354845,0.023974,0.677983
7.930000,1.584000,0.000000,7.920000,1.357035,0.024354,0.687504
7.940000,1.586000,0.000000,7.930000,1.359240,0.024777,0.696385
7.950000,1.588000,0.000000,7.940000,1.361442,0.025134,0.705474
7.960000,1.590000,0.000000,7.950000,1.363588,0.025470,0.714856
7.970000,1.592000,0.000000,7.960000,1.365720,0.025804,0.724501
7.980000,1.594000,0.000000,7.970000,1.367832,0.026117,0.734247
7.990000,1.596000,0.000000,7.980000,1.369989,0.026518,0.743450
8.000000,1.598000,0.000000,7.990000,1.372108,0.026961,0.752971
8.010000,1.600000,0.000000,8.000000,1.374231,0.027406,0.762456
8.020000,1.602000,0.000000,8.010000,1.376323,0.027715,0.771641
8.030000,1.604000,0.000000,8.020000,1.378439,0.028096,0.780834
8.040000,1.606000,0.000000,8.030000,1.380500,0.028456,0.790272
8.050000,1.608000,0.000000,8.040000,1.382546,0.028805,0.799682
8.060000,1.610000,0.000000,8.050000,1.384589,0.029126,0.809174
8.070000,1.612000,0.000000,8.060000,1.386657,0.029548,0.818425
8.080000,1.614000,0.000000,8.070000,1.388650,0.029972,0.828106
8.090000,1.616000,0.000000,8.080000,1.390636,0.030365,0.836881
8.100000,1.618000,0.000000,8.090000,1.392569,0.030750,0.845180
8.110000,1.620000,0.000000,8.100000,1.394518,0.031240,0.853450
8.120000,1.622000,0.000000,8.110000,1.396413,0.031741,0.861236
8.130000,1.624000,0.000000,8.120000,1.398219,0.032141,0.869802
8.140000,1.626000,0.000000,8.130000,1.400025,0.032541,0.878474
8.150000,1.628000,0.000000,8.140000,1.401856,0.032975,0.887205
8.160000,1.630000,0.000000,8.150000,1.403668,0.033330,0.895378
8.170000,1.632000,0.000000,8.160000,1.405452,0.033649,0.903695
8.180000,1.634000,0.000000,8.170000,1.407215,0.033933,0.912074
8.190000,1.636000,0.000000,8.180000,1.408989,0.034285,0.920774
8.200000,1.638000,0.000000,8.190000,1.410707,0.034587,0.929366
8.210000,1.640000,0.000000,8.200000,1.412369,0.034886,0.937817
8.220000,1.642000,0.000000,8.210000,1.413972,0.035174,0.948747
8.230000,1.644000,0.000000,8.220000,1.415629,0.035511,0.957404
8.240000,1.646000,0.000000,8.230000,1.417287,0.035773,0.965664
8.250000,1.648000,0.000000,8.240000,1.418942,0.035999,0.974048
8.260000,1.650000,0.000000,8.250000,1.420554,0.036153,0.982488
8.270000,1.652000,0.000000,8.260000,1.422236,0.036413,0.991061
8.280000,1.654000,0.000000,8.270000,1.423912,0.036637,0.999334
8.290000,1.656000,0.000000,8.280000,1.425590,0.036888,1.008523
8.300000,1.658000,0.000000,8.290000,1.427145,0.037052,1.017710
8.310000,1.660000,0.000000,8.300000,1.428695,0.037121,1.026678
8.320000,1.662000,0.000000,8.310000,1.430206,0.037130,1.035696
8.330000,1.664000,0.000000,8.320000,1.431729,0.037116,1.044711
8.340000,1.666000,0.000000,8.330000,1.433276,0.037187,1.054029
8.350000,1.668000,0.000000,8.340000,1.434823,0.037197,1.063060
8.360000,1.670000,0.000000,8.350000,1.436348,0.037170,1.072136
8.370000,1.672000,0.000000,8.360000,1.437864,0.037066,1.081055
8.380000,1.674000,0.000000,8.370000,1.439393,0.037048,1.090481
8.390000,1.676000,0.000000,8.380000,1.440939,0.036984,1.099551
8.400000,1.678000,0.000000,8.390000,1.442474,0.036790,1.107865
8.410000,1.680000,0.000000,8.400000,1.444068,0.036697,1.118341
8.420000,1.682000,0.000000,8.410000,1.445680,0.036565,1.128473
8.430000,1.684000,0.000000,8.420000,1.447289,0.036418,1.138659
8.440000,1.686000,0.000000,8.430000,1.448880,0.036219,1.148634
8.450000,1.688000,0.000000,8.440000,1.450538,0.036144,1.158940
8.460000,1.690000,0.000000,8.450000,1.452015,0.035939,1.168343
8.470000,1.692000,0.000000,8.460000,1.453551,0.035678,1.177909
8.480000,1.694000,0.000000,8.470000,1.455124,0.035439,1.185761
8.490000,1.696000,0.000000,8.480000,1.456722,0.035438,1.195255
8.500000,1.698000,0.000000,8.490000,1.458424,0.035239,1.205954
8.510000,1.700000,0.000000,8.500000,1.460161,0.035012,1.217204
8.520000,1.702000,0.000000,8.510000,1.461906,0.034666,1.227725
8.530000,1.704000,0.000000,8.520000,1.463648,0.034243,1.238414
8.540000,1.706000,0.000000,8.530000,1.465435,0.033868,1.250190
8.550000,1.708000,0.000000,8.540000,1.467273,0.033637,1.262136
8.560000,1.710000,0.000000,8.550000,1.469147,0.033393,1.273714
8.570000,1.712000,0.000000,8.560000,1.471023,0.033075,1.284131
8.580000,1.714000,0.000000,8.570000,1.472878,0.032744,1.294377
8.590000,1.716000,0.000000,8.580000,1.474730,0.032335,1.304526
8.600000,1.718000,0.000000,8.590000,1.476558,0.032081,1.313527
8.610000,1.720000,0.000000,8.600000,1.478477,0.031648,1.324629
8.620000,1.722000,0.000000,8.610000,1.480431,0.031119,1.335838
8.630000,1.724000,0.000000,8.620000,1.482396,0.030528,1.347331
8.640000,1.726000,0.000000,8.630000,1.484382,0.029876,1.358601
8.650000,1.728000,0.000000,8.640000,1.486385,0.029316,1.370459
8.660000,1.730000,0.000000,8.650000,1.488424,0.028752,1.381835
8.670000,1.732000,0.000000,8.660000,1.490478,0.028188,1.393179
8.680000,1.734000,0.000000,8.670000,1.492547,0.027689,1.404753
8.690000,1.736000,0.000000,8.680000,1.494654,0.027136,1.415966
8.700000,1.738000,0.000000,8.690000,1.496771,0.026573,1.427066
8.710000,1.740000,0.000000,8.700000,1.498908,0.026111,1.438643
8.720000,1.742000,0.000000,8.710000,1.501076,0.025642,1.449950
8.730000,1.744000,0.000000,8.720000,1.503282,0.025159,1.461161
8.740000,1.746000,0.000000,8.730000,1.505482,0.024738,1.472162
8.750000,1.748000,0.000000,8.740000,1.507701,0.024350,1.483548
8.760000,1.750000,0.000000,8.750000,1.509962,0.023963,1.494626
8.770000,1.752000,0.000000,8.760000,1.512231,0.023542,1.505655
8.780000,1.754000,0.000000,8.770000,1.514530,0.023228,1.517097
8.790000,1.756000,0.000000,8.780000,1.516822,0.022902,1.528020
8.800000,1.758000,0.000000,8.790000,1.519158,0.022561,1.539062
8.810000,1.760000,0.000000,8.800000,1.521492,0.022368,1.549913
8.820000,1.762000,0.000000,8.810000,1.523926,0.022233,1.560286
8.830000,1.764000,0.000000,8.820000,1.526316,0.022121,1.570270
8.840000,1.766000,0.000000,8.830000,1.528713,0.022101,1.580125
8.850000,1.768000,0.000000,8.840000,1.531110,0.021998,1.589823
8.860000,1.770000,0.000000,8.850000,1.533524,0.021899,1.599517
8.870000,1.772000,0.000000,8.860000,1.535941,0.021870,1.609211
8.880000,1.774000,0.000000,8.870000,1.538337,0.021822,1.619368
8.890000,1.776000,0.000000,8.880000,1.540742,0.021754,1.629592
8.900000,1.778000,0.000000,8.890000,1.543140,0.021633,1.639570
8.910000,1.780000,0.000000,8.900000,1.545545,0.021652,1.649558
8.920000,1.782000,0.000000,8.910000,1.547946,0.021704,1.659511
8.930000,1.784000,0.000000,8.920000,1.550324,0.021722,1.669629
8.940000,1.786000,0.000000,8.930000,1.552678,0.021856,1.679247
8.950000,1.788000,0.000000,8.940000,1.555033,0.021961,1.689315
8.960000,1.790000,0.000000,8.950000,1.557357,0.022068,1.699249
8.970000,1.792000,0.000000,8.960000,1.559667,0.022297,1.708588
8.980000,1.794000,0.000000,8.970000,1.561980,0.022484,1.718267
8.990000,1.796000,0.000000,8.980000,1.564270,0.022627,1.727702
9.000000,1.798000,0.000000,8.990000,1.566541,0.022859,1.737010
9.010000,1.800000,0.000000,9.000000,1.568888,0.023181,1.746378
9.020000,1.802000,0.000000,9.010000,1.571149,0.023438,1.755669
9.030000,1.804000,0.000000,9.020000,1.573396,0.023586,1.764852
9.040000,1.806000,0.000000,9.030000,1.575633,0.023846,1.773933
9.050000,1.808000,0.000000,9.040000,1.577846,0.024135,1.783350
9.060000,1.810000,0.000000,9.050000,1.580026,0.024387,1.792957
9.070000,1.812000,0.000000,9.060000,1.582182,0.024745,1.801959
9.080000,1.814000,0.000000,9.070000,1.584314,0.025096,1.811515
9.090000,1.816000,0.000000,9.080000,1.586456,0.025405,1.821018
9.100000,1.818000,0.000000,9.090000,1.588553,0.025779,1.829795
9.110000,1.820000,0.000000,9.100000,1.590618,0.026122,1.839308
9.120000,1.822000,0.000000,9.110000,1.592653,0.026426,1.848787
9.130000,1.824000,0.000000,9.120000,1.594553,0.026590,1.857148
9.140000,1.826000,0.000000,9.130000,1.596497,0.026844,1.866738
9.150000,1.828000,0.000000,9.140000,1.598466,0.027139,1.876374
9.160000,1.830000,0.000000,9.150000,1.600397,0.027377,1.886283
9.170000,1.832000,0.000000,9.160000,1.602316,0.027708,1.895359
9.180000,1.834000,0.000000,9.170000,1.604212,0.028016,1.904889
9.190000,1.836000,0.000000,9.180000,1.606094,0.028314,1.914722
9.200000,1.838000,0.000000,9.190000,1.607948,0.028651,1.923704
9.210000,1.840000,0.000000,9.200000,1.609801,0.028969,1.933242
9.220000,1.842000,0.000000,9.210000,1.611631,0.029249,1.943044
9.230000,1.844000,0.000000,9.220000,1.613435,0.029575,1.952821
9.240000,1.846000,0.000000,9.230000,1.615195,0.029888,1.963360
9.250000,1.848000,0.000000,9.240000,1.616954,0.030154,1.973883
9.260000,1.850000,0.000000,9.250000,1.618709,0.030365,1.984812
9.270000,1.852000,0.000000,9.260000,1.620427,0.030678,1.993353
9.280000,1.854000,0.000000,9.270000,1.622116,0.030924,2.003686
9.290000,1.856000,0.000000,9.280000,1.623799,0.031136,2.014224
9.300000,1.858000,0.000000,9.290000,1.625304,0.031408,2.024077
9.310000,1.860000,0.000000,9.300000,1.626934,0.031618,2.034635
9.320000,1.862000,0.000000,9.310000,1.628646,0.031803,2.045188
9.330000,1.864000,0.000000,9.320000,1.630362,0.031842,2.055490
9.340000,1.866000,0.000000,9.330000,1.632049,0.031903,2.065079
9.350000,1.868000,0.000000,9.340000,1.633721,0.031924,2.075003
9.360000,1.870000,0.000000,9.350000,1.635424,0.031912,2.085040
9.370000,1.872000,0.000000,9.360000,1.637104,0.031948,2.094435
9.380000,1.874000,0.000000,9.370000,1.638795,0.031953,2.104458
9.390000,1.876000,0.000000,9.380000,1.640502,0.031902,2.114531
9.400000,1.878000,0.000000,9.390000,1.642247,0.031814,2.124527
9.410000,1.880000,0.000000,9.400000,1.643913,0.031757,2.133897
9.420000,1.882000,0.000000,9.410000,1.645550,0.031583,2.144771
9.430000,1.884000,0.000000,9.420000,1.647210,0.031386,2.154236
9.440000,1.886000,0.000000,9.430000,1.648865,0.031231,2.163277
9.450000,1.888000,0.000000,9.440000,1.650539,0.031023,2.172473
9.460000,1.890000,0.000000,9.450000,1.652226,0.030771,2.181775
9.470000,1.892000,0.000000,9.460000,1.653981,0.030462,2.191055
9.480000,1.894000,0.000000,9.470000,1.655680,0.030237,2.200104
9.490000,1.896000,0.000000,9.480000,1.657387,0.029921,2.209066
9.500000,1.898000,0.000000,9.490000,1.659108,0.029524,2.217806
9.510000,1.900000,0.000000,9.500000,1.660877,0.029030,2.227090
9.520000,1.902000,0.000000,9.510000,1.662613,0.028618,2.236156
9.530000,1.904000,0.000000,9.520000,1.664337,0.028237,2.244498
9.540000,1.906000,0.000000,9.530000,1.666136,0.027835,2.253234
9.550000,1.908000,0.000000,9.540000,1.668021,0.027379,2.261839
9.560000,1.910000,0.000000,9.550000,1.669817,0.026994,2.271027
9.570000,1.912000,0.000000,9.560000,1.671642,0.026559,2.280430
9.580000,1.914000,0.000000,9.570000,1.673493,0.026091,2.289543
9.590000,1.916000,0.000000,9.580000,1.675331,0.025652,2.298606
9.600000,1.918000,0.000000,9.590000,1.677203,0.025225,2.307825
9.610000,1.920000,0.000000,9.600000,1.679065,0.024744,2.316689
9.620000,1.922000,0.000000,9.610000,1.680975,0.024274,2.325085
9.630000,1.924000,0.000000,9.620000,1.682941,0.023723,2.333604
9.640000,1.926000,0.000000,9.630000,1.684850,0.023202,2.342267
9.650000,1.928000,0.000000,9.640000,1.686779,0.022667,2.350802
9.660000,1.930000,0.000000,9.650000,1.688740,0.022126,2.359146
9.670000,1.932000,0.000000,9.660000,1.690695,0.021640,2.368013
9.680000,1.934000,0.000000,9.670000,1.692651,0.021132,2.376967
9.690000,1.936000,0.000000,9.680000,1.694644,0.020604,2.385003
9.700000,1.938000,0.000000,9.690000,1.696653,0.020051,2.393288
9.710000,1.940000,0.000000,9.700000,1.698701,0.019430,2.401756
9.720000,1.942000,0.000000,9.710000,1.700691,0.018915,2.410579
9.730000,1.944000,0.000000,9.720000,1.702717,0.018401,2.419139
9.740000,1.946000,0.000000,9.730000,1.704784,0.017911,2.428096
9.750000,1.948000,0.000000,9.740000,1.706885,0.017385,2.437185
9.760000,1.950000,0.000000,9.750000,1.708975,0.016940,2.445636
9.770000,1.952000,0.000000,9.760000,1.711095,0.016456,2.455315
9.780000,1.954000,0.000000,9.770000,1.713251,0.015954,2.464363
9.790000,1.956000,0.000000,9.780000,1.715407,0.015451,2.473341
9.800000,1.958000,0.000000,9.790000,1.717568,0.015032,2.482672
9.810000,1.960000,0.000000,9.800000,1.719730,0.014612,2.492248
9.820000,1.962000,0.000000,9.810000,1.721917,0.014196,2.500999
9.830000,1.964000,0.000000,9.820000,1.724156,0.013836,2.510417
9.840000,1.966000,0.000000,9.830000,1.726424,0.013385,2.520198
9.850000,1.968000,0.000000,9.840000,1.728623,0.012964,2.530204
9.860000,1.970000,0.000000,9.850000,1.730848,0.012556,2.539684
9.870000,1.972000,0.000000,9.860000,1.733107,0.012197,2.549506
9.880000,1.974000,0.000000,9.870000,1.735451,0.011892,2.558857
9.890000,1.976000,0.000000,9.880000,1.737802,0.011609,2.568744
9.900000,1.978000,0.000000,9.890000,1.740116,0.011325,2.578734
9.910000,1.980000,0.000000,9.900000,1.742459,0.011024,2.588411
9.920000,1.982000,0.000000,9.910000,1.744792,0.010748,2.598617
9.930000,1.984000,0.000000,9.920000,1.747204,0.010554,2.608240
9.940000,1.986000,0.000000,9.930000,1.749594,0.010442,2.618661
9.950000,1.988000,0.000000,9.940000,1.751972,0.010376,2.629208
9.960000,1.990000,0.000000,9.950000,1.754366,0.010350,2.639807
9.970000,1.992000,0.000000,9.960000,1.756762,0.010312,2.650623
9.980000,1.994000,0.000000,9.970000,1.759155,0.010266,2.661434
9.990000,1.996000,0.000000,9.980000,1.761552,0.010323,2.671757
10.000000,1.998000,0.000000,9.990000,1.763968,0.010458,2.682403
10.010000,2.000000,0.000000,10.000000,1.766384,0.010599,2.693026
10.020000,2.002000,0.000000,10.010000,1.768787,0.010753,2.704080
10.030000,2.004000,0.000000,10.020000,1.771170,0.010895,2.714921
10.040000,2.006000,0.000000,10.030000,1.773600,0.011153,2.725698
10.050000,2.008000,0.000000,10.040000,1.776005,0.011460,2.736752
10.060000,2.010000,0.000000,10.050000,1.778414,0.011781,2.747621
10.070000,2.012000,0.000000,10.060000,1.780777,0.012110,2.758560
10.080000,2.014000,0.000000,10.070000,1.783120,0.012473,2.768980
10.090000,2.016000,0.000000,10.080000,1.785430,0.012809,2.779849
10.100000,2.018000,0.000000,10.090000,1.787692,0.013094,2.790850
10.110000,2.020000,0.000000,10.100000,1.789951,0.013413,2.801837
10.120000,2.022000,0.000000,10.110000,1.792185,0.013724,2.812898
10.130000,2.024000,0.000000,10.120000,1.794445,0.014088,2.823820
10.140000,2.026000,0.000000,10.130000,1.796662,0.014429,2.834509
10.150000,2.028000,0.000000,10.140000,1.798878,0.014782,2.845230
10.160000,2.030000,0.000000,10.150000,1.801005,0.015097,2.856383
10.170000,2.032000,0.000000,10.160000,1.803099,0.015414,2.866477
10.180000,2.034000,0.000000,10.170000,1.805224,0.015733,2.877043
10.190000,2.036000,0.000000,10.180000,1.807341,0.016053,2.887746
10.200000,2.038000,0.000000,10.190000,1.809436,0.016412,2.898547
10.210000,2.040000,0.000000,10.200000,1.811490,0.016747,2.908805
10.220000,2.042000,0.000000,10.210000,1.813497,0.017095,2.919403
10.230000,2.044000,0.000000,10.220000,1.815468,0.017405,2.930799
10.240000,2.046000,0.000000,10.230000,1.817458,0.017698,2.941519
10.250000,2.048000,0.000000,10.240000,1.819413,0.017954,2.952305
10.260000,2.050000,0.000000,10.250000,1.821415,0.018328,2.962811
10.270000,2.052000,0.000000,10.260000,1.823386,0.018719,2.973430
10.280000,2.054000,0.000000,10.270000,1.825337,0.019080,2.983974
10.290000,2.056000,0.000000,10.280000,1.827272,0.019338,2.994318
10.300000,2.058000,0.000000,10.290000,1.829156,0.019731,3.005260
10.310000,2.060000,0.000000,10.300000,1.831045,0.020061,3.016081
10.320000,2.062000,0.000000,10.310000,1.832889,0.020363,3.026890
10.330000,2.064000,0.000000,10.320000,1.834693,0.020622,3.037683
10.340000,2.066000,0.000000,10.330000,1.836542,0.021006,3.048210
10.350000,2.068000,0.000000,10.340000,1.838379,0.021361,3.058610
10.360000,2.070000,0.000000,10.350000,1.840185,0.021698,3.068964
10.370000,2.072000,0.000000,10.360000,1.841973,0.022098,3.078694
10.380000,2.074000,0.000000,10.370000,1.843729,0.022431,3.088435
10.390000,2.076000,0.000000,10.380000,1.845464,0.022683,3.098224
10.400000,2.078000,0.000000,10.390000,1.847195,0.022918,3.108258
10.410000,2.080000,0.000000,10.400000,1.848935,0.023236,3.117813
10.420000,2.082000,0.000000,10.410000,1.850672,0.023549,3.127197
10.430000,2.084000,0.000000,10.420000,1.852380,0.023790,3.136410
10.440000,2.086000,0.000000,10.430000,1.854101,0.024019,-3.137449
10.450000,2.088000,0.000000,10.440000,1.855794,0.024370,-3.128453
10.460000,2.090000,0.000000,10.450000,1.857518,0.024594,-3.119728
10.470000,2.092000,0.000000,10.460000,1.859213,0.024763,-3.110930
10.480000,2.094000,0.000000,10.470000,1.860896,0.024870,-3.101840
10.490000,2.096000,0.000000,10.480000,1.862597,0.025008,-3.092137
10.500000,2.098000,0.000000,10.490000,1.864320,0.025100,-3.082681
10.510000,2.100000,0.000000,10.500000,1.866039,0.025135,-3.073209
10.520000,2.102000,0.000000,10.510000,1.867747,0.025191,-3.063272
10.530000,2.104000,0.000000,10.520000,1.869457,0.025268,-3.052926
10.540000,2.106000,0.000000,10.530000,1.871187,0.025256,-3.042125
10.550000,2.108000,0.000000,10.540000,1.872949,0.025139,-3.031446
10.560000,2.110000,0.000000,10.550000,1.874766,0.025100,-3.020034
10.570000,2.112000,0.000000,10.560000,1.876596,0.025046,-3.008881
10.580000,2.114000,0.000000,10.570000,1.878425,0.024963,-2.997663
10.590000,2.116000,0.000000,10.580000,1.880274,0.024944,-2.986284
10.600000,2.118000,0.000000,10.590000,1.882148,0.024894,-2.975109
10.610000,2.120000,0.000000,10.600000,1.884025,0.024730,-2.964900
10.620000,2.122000,0.000000,10.610000,1.885888,0.024457,-2.954932
10.630000,2.124000,0.000000,10.620000,1.887787,0.024252,-2.943815
10.640000,2.126000,0.000000,10.630000,1.889725,0.023951,-2.932769
10.650000,2.128000,0.000000,10.640000,1.891568,0.023517,-2.921842
10.660000,2.130000,0.000000,10.650000,1.893485,0.023208,-2.910487
10.670000,2.132000,0.000000,10.660000,1.895466,0.022884,-2.899720
10.680000,2.134000,0.000000,10.670000,1.897475,0.022534,-2.889130
10.690000,2.136000,0.000000,10.680000,1.899463,0.022255,-2.878620
10.700000,2.138000,0.000000,10.690000,1.901477,0.021960,-2.868069
10.710000,2.140000,0.000000,10.700000,1.903523,0.021627,-2.857707
10.720000,2.142000,0.000000,10.710000,1.905588,0.021278,-2.847400
10.730000,2.144000,0.000000,10.720000,1.907656,0.021012,-2.836873
10.740000,2.146000,0.000000,10.730000,1.909749,0.020773,-2.826762
10.750000,2.148000,0.000000,10.740000,1.911886,0.020449,-2.816241
10.760000,2.150000,0.000000,10.750000,1.914036,0.020157,-2.805711
10.770000,2.152000,0.000000,10.760000,1.916210,0.019820,-2.795329
10.780000,2.154000,0.000000,10.770000,1.918402,0.019453,-2.785002
10.790000,2.156000,0.000000,10.780000,1.920585,0.019064,-2.774715
10.800000,2.158000,0.000000,10.790000,1.922783,0.018809,-2.764179
10.810000,2.160000,0.000000,10.800000,1.925005,0.018579,-2.753859
10.820000,2.162000,0.000000,10.810000,1.927227,0.018384,-2.743641
10.830000,2.164000,0.000000,10.820000,1.929474,0.018172,-2.733149
10.840000,2.166000,0.000000,10.830000,1.931741,0.017898,-2.722813
10.850000,2.168000,0.000000,10.840000,1.934022,0.017648,-2.712567
10.860000,2.170000,0.000000,10.850000,1.936300,0.017541,-2.702188
10.870000,2.172000,0.000000,10.860000,1.938607,0.017415,-2.691944
10.880000,2.174000,0.000000,10.870000,1.940931,0.017236,-2.681938
10.890000,2.176000,0.000000,10.880000,1.943248,0.017167,-2.672032
10.900000,2.178000,0.000000,10.890000,1.945501,0.017417,-2.661175
10.910000,2.180000,0.000000,10.900000,1.947873,0.017555,-2.648398
10.920000,2.182000,0.000000,10.910000,1.950186,0.017647,-2.638491
10.930000,2.184000,0.000000,10.920000,1.952522,0.017735,-2.628620
10.940000,2.186000,0.000000,10.930000,1.954854,0.017808,-2.618638
10.950000,2.188000,0.000000,10.940000,1.957171,0.017852,-2.608454
10.960000,2.190000,0.000000,10.950000,1.959483,0.018003,-2.597846
10.970000,2.192000,0.000000,10.960000,1.961809,0.018150,-2.587315
10.980000,2.194000,0.000000,10.970000,1.964125,0.018285,-2.576988
10.990000,2.196000,0.000000,10.980000,1.966437,0.018519,-2.566936
11.000000,2.198000,0.000000,10.990000,1.968764,0.018730,-2.556825
11.010000,2.200000,0.000000,11.000000,1.971098,0.018917,-2.546723
11.020000,2.202000,0.000000,11.010000,1.973407,0.019172,-2.536811
11.030000,2.204000,0.000000,11.020000,1.975709,0.019431,-2.526461
11.040000,2.206000,0.000000,11.030000,1.978010,0.019719,-2.516064
11.050000,2.208000,0.000000,11.040000,1.980293,0.019963,-2.505539
11.060000,2.210000,0.000000,11.050000,1.982568,0.020323,-2.495427
11.070000,2.212000,0.000000,11.060000,1.984829,0.020674,-2.484962
11.080000,2.214000,0.000000,11.070000,1.987066,0.021020,-2.474354
11.090000,2.216000,0.000000,11.080000,1.989289,0.021450,-2.464220
11.100000,2.218000,0.000000,11.090000,1.991512,0.021819,-2.453875
11.110000,2.220000,0.000000,11.100000,1.993727,0.022188,-2.443472
11.120000,2.222000,0.000000,11.110000,1.995899,0.022632,-2.433419
11.130000,2.224000,0.000000,11.120000,1.997958,0.022828,-2.423995
11.140000,2.226000,0.000000,11.130000,2.000034,0.023127,-2.414061
11.150000,2.228000,0.000000,11.140000,2.002102,0.023390,-2.404070
11.160000,2.230000,0.000000,11.150000,2.004174,0.023775,-2.394285
11.170000,2.232000,0.000000,11.160000,2.006222,0.024170,-2.384020
11.180000,2.234000,0.000000,11.170000,2.008279,0.024536,-2.373868
11.190000,2.236000,0.000000,11.180000,2.010322,0.024992,-2.364057
11.200000,2.238000,0.000000,11.190000,2.012340,0.025448,-2.353576
11.210000,2.240000,0.000000,11.200000,2.014343,0.025871,-2.342995
11.220000,2.242000,0.000000,11.210000,2.016319,0.026337,-2.332444
11.230000,2.244000,0.000000,11.220000,2.018295,0.026778,-2.321522
11.240000,2.246000,0.000000,11.230000,2.020241,0.027210,-2.310391
11.250000,2.248000,0.000000,11.240000,2.022208,0.027569,-2.299209
11.260000,2.250000,0.000000,11.250000,2.024147,0.028039,-2.289000
11.270000,2.252000,0.000000,11.260000,2.026026,0.028457,-2.277968
11.280000,2.254000,0.000000,11.270000,2.027875,0.028846,-2.266889
11.290000,2.256000,0.000000,11.280000,2.029713,0.029288,-2.256565
11.300000,2.258000,0.000000,11.290000,2.031533,0.029689,-2.245341
11.310000,2.260000,0.000000,11.300000,2.033360,0.030077,-2.234083
11.320000,2.262000,0.000000,11.310000,2.035140,0.030483,-2.223039
11.330000,2.264000,0.000000,11.320000,2.036907,0.030881,-2.211723
11.340000,2.266000,0.000000,11.330000,2.038721,0.031232,-2.199932
11.350000,2.268000,0.000000,11.340000,2.040528,0.031569,-2.188775
11.360000,2.270000,0.000000,11.350000,2.042284,0.031963,-2.178083
11.370000,2.272000,0.000000,11.360000,2.043990,0.032267,-2.166660
11.380000,2.274000,0.000000,11.370000,2.045678,0.032534,-2.155426
11.390000,2.276000,0.000000,11.380000,2.047340,0.032773,-2.144713
11.400000,2.278000,0.000000,11.390000,2.049010,0.032984,-2.133859
11.410000,2.280000,0.000000,11.400000,2.050708,0.033134,-2.122854
11.420000,2.282000,0.000000,11.410000,2.052399,0.033266,-2.111829
11.430000,2.284000,0.000000,11.420000,2.054032,0.033427,-2.101489
11.440000,2.286000,0.000000,11.430000,2.055688,0.033533,-2.090821
11.450000,2.288000,0.000000,11.440000,2.057314,0.033653,-2.078106
11.460000,2.290000,0.000000,11.450000,2.058946,0.033648,-2.067006
11.470000,2.292000,0.000000,11.460000,2.060571,0.033647,-2.057040
11.480000,2.294000,0.000000,11.470000,2.062180,0.033589,-2.046935
11.490000,2.296000,0.000000,11.480000,2.063649,0.033499,-2.037235
11.500000,2.298000,0.000000,11.490000,2.065198,0.033459,-2.027258
11.510000,2.300000,0.000000,11.500000,2.066834,0.033401,-2.016927
11.520000,2.302000,0.000000,11.510000,2.068497,0.033295,-2.006571
11.530000,2.304000,0.000000,11.520000,2.070160,0.033164,-1.995854
11.540000,2.306000,0.000000,11.530000,2.071762,0.033077,-1.984817
11.550000,2.308000,0.000000,11.540000,2.073417,0.032957,-1.973527
11.560000,2.310000,0.000000,11.550000,2.075110,0.032799,-1.962405
11.570000,2.312000,0.000000,11.560000,2.076820,0.032593,-1.951129
11.580000,2.314000,0.000000,11.570000,2.078460,0.032459,-1.939929
11.590000,2.316000,0.000000,11.580000,2.079976,0.032277,-1.928756
11.600000,2.318000,0.000000,11.590000,2.081679,0.032133,-1.918096
11.610000,2.320000,0.000000,11.600000,2.083445,0.031901,-1.907247
11.620000,2.322000,0.000000,11.610000,2.085181,0.031738,-1.896010
11.630000,2.324000,0.000000,11.620000,2.086947,0.031556,-1.884854
11.640000,2.326000,0.000000,11.630000,2.088750,0.031368,-1.873862
11.650000,2.328000,0.000000,11.640000,2.090632,0.031139,-1.863016
11.660000,2.330000,0.000000,11.650000,2.092452,0.030959,-1.852120
11.670000,2.332000,0.000000,11.660000,2.094304,0.030778,-1.841249
11.680000,2.334000,0.000000,11.670000,2.096181,0.030525,-1.830424
11.690000,2.336000,0.000000,11.680000,2.098094,0.030220,-1.819630
11.700000,2.338000,0.000000,11.690000,2.099996,0.029963,-1.808746
11.710000,2.340000,0.000000,11.700000,2.101929,0.029711,-1.797848
11.720000,2.342000,0.000000,11.710000,2.103887,0.029436,-1.787260
11.730000,2.344000,0.000000,11.720000,2.105909,0.029155,-1.776621
11.740000,2.346000,0.000000,11.730000,2.107944,0.028851,-1.766074
11.750000,2.348000,0.000000,11.740000,2.109916,0.028523,-1.755967
11.760000,2.350000,0.000000,11.750000,2.111938,0.028173,-1.745986
11.770000,2.352000,0.000000,11.760000,2.114012,0.027821,-1.735977
11.780000,2.354000,0.000000,11.770000,2.116139,0.027482,-1.725884
11.790000,2.356000,0.000000,11.780000,2.118231,0.027112,-1.716063
11.800000,2.358000,0.000000,11.790000,2.120377,0.026760,-1.706254
11.810000,2.360000,0.000000,11.800000,2.122549,0.026401,-1.696453
11.820000,2.362000,0.000000,11.810000,2.124764,0.026029,-1.687259
11.830000,2.364000,0.000000,11.820000,2.127017,0.025645,-1.678294
11.840000,2.366000,0.000000,11.830000,2.129224,0.025257,-1.669265
11.850000,2.368000,0.000000,11.840000,2.131466,0.024873,-1.660275
11.860000,2.370000,0.000000,11.850000,2.133766,0.024506,-1.651375
11.870000,2.372000,0.000000,11.860000,2.136062,0.024143,-1.642331
11.880000,2.374000,0.000000,11.870000,2.138417,0.023830,-1.634276
11.890000,2.376000,0.000000,11.880000,2.140699,0.023395,-1.625088
11.900000,2.378000,0.000000,11.890000,2.142994,0.022979,-1.615724
11.910000,2.380000,0.000000,11.900000,2.145329,0.022596,-1.606678
11.920000,2.382000,0.000000,11.910000,2.147653,0.022212,-1.597378
11.930000,2.384000,0.000000,11.920000,2.150050,0.021914,-1.588497
11.940000,2.386000,0.000000,11.930000,2.152391,0.021746,-1.578570
11.950000,2.388000,0.000000,11.940000,2.154749,0.021531,-1.568519
